time,latitude,longitude,depth,mag,magType,nst,gap,dmin,rms,net,id
2018-06-09T21:45:21.340Z,19.4246674,-155.2651672,1.31,1.83,ml,18,126,0.003374,0.14,hv,hv70254667
2018-06-09T21:38:26.210Z,19.3756676,-155.2873383,1.41,1.84,ml,11,218,0.01204,0.24,hv,hv70254642
2018-06-09T21:37:14.470Z,38.8195,-122.8399963,2.23,1.05,md,8,94,0.0053,0.03,nc,nc73027991
2018-06-09T21:29:51.070Z,19.3973331,-155.2608337,0.25,2.03,ml,13,98,0.004989,0.11,hv,hv70254617
2018-06-09T21:29:08.560Z,19.4136658,-155.2853394,0.84,1.89,ml,15,71,0.004145,0.14,hv,hv70254612
2018-06-09T21:19:29.680Z,19.4153328,-155.2503357,1.11,2.28,ml,22,112,0.009567,0.3,hv,hv70254577
2018-06-09T21:13:47.178Z,60.1142,-153.6663,155.2,1.9,ml,,,,1.11,ak,ak19741940
2018-06-09T20:59:00.950Z,19.4098339,-155.2866669,0.15,1.7,ml,19,69,0.008156,0.11,hv,hv70254512
2018-06-09T20:56:27.650Z,34.0416667,-117.6171667,0.45,1.11,ml,10,137,0.1351,0.22,ci,ci38194840
2018-06-09T20:43:56.470Z,19.4173336,-155.2763367,0.44,2.13,ml,22,45,0.007332,0.21,hv,hv70254462
2018-06-09T20:43:04.145Z,36.9459,-117.7119,0,1,ml,10,219.13,0.292,0.1626,nn,nn00638983
2018-06-09T20:22:53.510Z,19.4188328,-155.2791595,1.41,1.87,ml,18,58,0.004803,0.16,hv,hv70254407
2018-06-09T20:17:03.770Z,19.376667,-155.2826691,3.76,1.84,ml,14,186,0.009855,0.2,hv,hv70254392
2018-06-09T20:09:48.130Z,36.4481667,-118.2388333,7.96,2.36,ml,16,143,0.1282,0.17,ci,ci38194816
2018-06-09T20:07:01.650Z,19.4060001,-155.2818298,0.34,1.74,md,10,122,0.0118,0.09,hv,hv70254352
2018-06-09T19:55:21.750Z,61.4954,-149.9812,46.2,2.3,ml,,,,0.7,ak,ak19741284
2018-06-09T19:50:04.930Z,-5.8487,151.8823,56.53,5.1,mb,,42,1.67,0.81,us,us1000ema9
2018-06-09T19:48:39.170Z,33.9876667,-117.8471667,23.69,1.9,ml,20,197,0.1091,0.31,ci,ci38194808
2018-06-09T19:45:43.970Z,55.6877,161.2485,114.68,4,mb,,151,3.072,0.46,us,us1000ema8
2018-06-09T19:42:27.830Z,19.3968334,-155.2611694,0.94,2.13,ml,19,91,0.004799,0.15,hv,hv70254297
2018-06-09T19:42:17.500Z,19.4099998,-155.2630005,1.82,1.88,ml,8,74,0.003606,0.16,hv,hv70254292
2018-06-09T19:38:27.220Z,19.5153332,-155.094162,4.24,2.39,ml,12,323,0.1795,0.31,hv,hv70254277
2018-06-09T19:33:50.170Z,33.181,-115.62,1.37,1.46,ml,12,108,0.003026,0.18,ci,ci38194800
2018-06-09T19:25:20.250Z,19.4276676,-155.2409973,0.27,2.13,ml,7,173,0.01938,0.29,hv,hv70254227
2018-06-09T19:22:47.340Z,19.555666,-155.14534,4.56,2.17,ml,12,338,0.1551,0.33,hv,hv70254217
2018-06-09T19:19:10.140Z,19.4083328,-155.2811737,-0.23,2.32,ml,25,44,0.009682,0.29,hv,hv70254212
2018-06-09T19:19:05.790Z,19.4038334,-155.2793274,0.57,2.15,ml,19,58,0.009985,0.27,hv,hv70254207
2018-06-09T19:08:56.840Z,33.5161667,-116.493,12.62,0.64,ml,22,118,0.05203,0.15,ci,ci38194792
2018-06-09T19:07:58.330Z,33.489,-116.7893333,4.6,0.44,ml,14,117,0.08772,0.07,ci,ci38194784
2018-06-09T19:05:55.710Z,19.4130001,-155.3265076,3.59,1.9,ml,33,46,0.02154,0.14,hv,hv70254167
2018-06-09T18:49:44.810Z,33.1796667,-115.6146667,1.57,2.23,ml,37,94,0.002338,0.26,ci,ci38194776
2018-06-09T18:41:09.010Z,34.2203333,-117.5431667,4.85,0.87,ml,26,47,0.03774,0.2,ci,ci38194768
2018-06-09T18:38:40.570Z,38.8344994,-122.784668,1.6,1.67,md,22,63,0.005907,0.03,nc,nc73027896
2018-06-09T18:30:24.920Z,33.5115,-116.5578333,14.44,0.72,ml,24,71,0.04068,0.13,ci,ci38194760
2018-06-09T18:29:20.800Z,38.8356667,-122.7838364,1.74,1.06,md,18,67,0.005773,0.02,nc,nc73027886
2018-06-09T18:18:09.150Z,19.4238338,-155.2704926,0.5,1.79,ml,13,102,0.00905,0.35,hv,hv70253997
2018-06-09T18:18:07.730Z,19.4150009,-155.2718353,-1.05,1.71,ml,17,52,0.01112,0.33,hv,hv70253992
2018-06-09T18:14:22.680Z,38.7746658,-122.7474976,1.28,2.22,md,34,81,0.0148,0.07,nc,nc73027876
2018-06-09T18:12:59.590Z,33.998,-116.844,16.58,2.34,ml,81,25,0.04773,0.19,ci,ci38194744
2018-06-09T17:58:22.790Z,19.4225006,-155.2671661,0.65,1.73,ml,19,89,0.004579,0.19,hv,hv70253912
2018-06-09T17:50:09.470Z,34.0756667,-117.4785,6.34,0.96,ml,19,67,0.0407,0.25,ci,ci38194736
2018-06-09T17:47:39.340Z,33.4963333,-116.7865,5.72,0.58,ml,22,47,0.08021,0.11,ci,ci38194728
2018-06-09T17:28:15.550Z,19.4048328,-155.2656708,-0.05,2.49,ml,30,53,0.009054,0.26,hv,hv70253827
2018-06-09T17:21:02.167Z,59.5382,-152.8364,82.3,2,ml,,,,0.42,ak,ak19739480
2018-06-09T17:09:53.593Z,36.9554,-117.7119,8.4,2.7,ml,36,77.63,0.279,0.2554,nn,nn00638972
2018-06-09T16:58:49.370Z,19.1875,-155.4846649,31.45,2,ml,35,77,0.03838,0.11,hv,hv70253737
2018-06-09T16:55:30.950Z,19.3985004,-155.2630005,-0.17,2.19,ml,20,60,0.002873,0.33,hv,hv70253727
2018-06-09T16:55:14.540Z,62.2384,-149.6843,34.1,1.7,ml,,,,0.6,ak,ak19739459
2018-06-09T16:55:01.310Z,19.4113331,-155.2813263,1.04,1.85,ml,11,106,0.006817,0.13,hv,hv70253722
2018-06-09T16:46:21.000Z,33.492,-116.7843333,6.02,0.64,ml,27,36,0.08308,0.16,ci,ci38194704
2018-06-09T16:43:45.700Z,19.3981667,-155.2638397,0.44,1.78,ml,18,98,0.002071,0.08,hv,hv70253682
2018-06-09T16:41:57.350Z,33.5253333,-116.7453333,4.22,0.66,ml,21,50,0.04052,0.13,ci,ci38194696
2018-06-09T16:27:44.980Z,19.4165001,-155.2684937,0.68,1.88,ml,19,64,0.009242,0.1,hv,hv70253632
2018-06-09T16:27:18.770Z,19.4293327,-155.2904968,0.15,1.96,ml,15,150,0.008341,0.31,hv,hv70253627
2018-06-09T16:20:20.060Z,33.7916667,-116.9561667,13.51,0.69,ml,16,50,0.0915,0.22,ci,ci38194680
2018-06-09T16:18:33.789Z,65.8127,-149.8695,0,1.8,ml,,,,0.78,ak,ak19738882
2018-06-09T16:14:54.950Z,19.427166,-155.2836609,-0.11,1.74,ml,12,143,0.006216,0.17,hv,hv70253582
2018-06-09T16:07:48.860Z,37.6124992,-118.8268356,4.62,0.85,md,8,177,0.01912,0.05,nc,nc73027846
2018-06-09T15:59:25.624Z,37.3062,-117.2291,5.1,0.3,ml,8,213.72,0.026,0.1431,nn,nn00638989
2018-06-09T15:51:57.620Z,19.3968334,-155.2494965,-0.91,2.75,ml,35,45,0.01139,0.38,hv,hv70253502
2018-06-09T15:50:32.910Z,19.3939991,-155.2656708,0.89,1.73,ml,18,82,0.004234,0.3,hv,hv70253497
2018-06-09T15:50:31.620Z,19.392334,-155.2649994,-0.42,1.76,ml,15,75,0.005957,0.3,hv,hv70253492
2018-06-09T15:43:50.620Z,19.4514999,-155.2565002,-0.27,1.77,ml,8,317,0.02649,0.2,hv,hv70253467
2018-06-09T15:43:12.000Z,19.3903332,-154.897171,5.29,2.55,ml,19,274,0.11,0.2,hv,hv70253462
2018-06-09T15:29:39.340Z,19.3964996,-155.2613373,0.23,2.24,ml,11,96,0.004758,0.08,hv,hv70253427
2018-06-09T15:25:42.850Z,33.5283333,-116.4516667,7.9,0.98,ml,31,46,0.02224,0.23,ci,ci38194664
2018-06-09T15:21:57.410Z,38.8238335,-122.7789993,1.62,2.37,md,36,30,0.009711,0.04,nc,nc73027831
2018-06-09T15:17:52.330Z,33.3288333,-116.3875,11.98,0.69,ml,14,175,0.06537,0.15,ci,ci38194656
2018-06-09T15:17:01.500Z,19.4,-155.2656667,0.29,2.91,ml,34,58,0.001782,0.1,hv,hv70253392
2018-06-09T15:16:51.890Z,33.5298333,-116.5481667,15.39,0.78,ml,33,64,0.05697,0.23,ci,ci38194648
2018-06-09T15:14:01.780Z,19.4246674,-155.2506714,0.92,1.7,md,20,139,0.009826,0.11,hv,hv70253387
2018-06-09T15:09:01.550Z,19.362833,-155.2828369,1.2,1.81,ml,10,120,0.02025,0.07,hv,hv70253372
2018-06-09T15:05:17.640Z,19.4261665,-155.2936707,1.39,2.6,ml,19,72,0.005684,0.14,hv,hv70253357
2018-06-09T15:05:13.330Z,19.3218327,-155.1956635,2.62,2.95,ml,14,96,0.04879,0.23,hv,hv70253362
2018-06-09T15:05:09.497Z,65.8092,-149.87,2.1,2,ml,,,,0.76,ak,ak19738285
2018-06-09T15:04:29.690Z,19.3910007,-155.3423309,2.84,2.11,ml,8,302,0.06103,0.14,hv,hv70253352
2018-06-09T14:58:54.270Z,19.4169998,-155.2841644,0.45,2.15,ml,19,65,0.0006618,0.17,hv,hv70253342
2018-06-09T14:55:16.750Z,19.4108334,-155.2533264,0.65,2.67,ml,21,119,0.006307,0.24,hv,hv70253337
2018-06-09T14:48:18.100Z,19.4121667,-155.2821667,0.46,5.2,mw,22,67,0.005762,0.08,hv,hv70253332
2018-06-09T14:48:02.810Z,19.403,-155.276,0.84,2.7,ml,21,55,0.007911,0.1,hv,hv70253327
2018-06-09T14:47:00.150Z,19.3999996,-155.2793274,0.2,2.53,ml,29,38,0.007072,0.25,hv,hv70253322
2018-06-09T14:46:10.784Z,65.7825,-149.8302,9,2.5,ml,,,,0.78,ak,ak19738262
2018-06-09T14:45:26.790Z,19.427166,-155.2803345,0.42,2.28,ml,14,82,0.003532,0.17,hv,hv70253317
2018-06-09T14:42:37.640Z,19.3741665,-155.279007,-0.86,2.05,ml,10,109,0.01256,0.28,hv,hv70253312
2018-06-09T14:40:42.660Z,19.4116669,-155.2879944,0.32,2.51,ml,25,45,0.007007,0.22,hv,hv70253307
2018-06-09T14:39:12.540Z,19.4239998,-155.2708282,1.62,1.94,ml,15,90,0.004265,0.18,hv,hv70253302
2018-06-09T14:32:32.840Z,19.4006672,-155.2541656,0.96,2.56,ml,20,53,0.01146,0.31,hv,hv70253292
2018-06-09T14:31:21.910Z,38.8181648,-122.7945023,3.23,0.62,md,14,64,0.01185,0.02,nc,nc73027826
2018-06-09T14:31:12.480Z,19.4160004,-155.279007,0.89,2.49,ml,35,33,0.00508,0.19,hv,hv70253287
2018-06-09T14:28:51.670Z,19.3939991,-155.2858276,0.41,2.61,ml,31,40,0.008381,0.25,hv,hv70253282
2018-06-09T14:27:01.030Z,19.4083328,-155.2570038,1,2.47,ml,21,59,0.004615,0.33,hv,hv70253277
2018-06-09T14:26:57.270Z,19.423666,-155.2669983,2.02,2.47,ml,12,106,0.003455,0.17,hv,hv70253272
2018-06-09T14:25:09.790Z,19.4103336,-155.2409973,0.2,2.33,ml,12,157,0.0179,0.11,hv,hv70253267
2018-06-09T14:23:20.360Z,19.3943329,-155.2709961,-0.24,2.5,ml,27,45,0.002702,0.28,hv,hv70253257
2018-06-09T14:23:19.310Z,19.3471661,-155.2181702,15.59,2.73,ml,9,234,0.03374,0.22,hv,hv70253262
2018-06-09T14:22:30.400Z,19.3969994,-155.269165,1.25,2.18,ml,12,125,0.003205,0.23,hv,hv70253252
2018-06-09T14:21:07.150Z,19.3981667,-155.2720032,1.1,2.36,ml,24,51,0.003185,0.22,hv,hv70253247
2018-06-09T14:20:05.700Z,19.4018326,-155.263504,1.22,2.23,ml,19,103,0.004296,0.19,hv,hv70253242
2018-06-09T14:19:08.380Z,19.4003334,-155.2669983,1.82,1.86,ml,7,106,0.002272,0.12,hv,hv70253237
2018-06-09T14:18:52.370Z,19.3514996,-155.2688293,-1.01,2.06,ml,9,83,0.0206,0.1,hv,hv70253232
2018-06-09T14:18:30.190Z,33.7746667,-116.1313333,8.66,0.97,ml,29,88,0.07828,0.21,ci,ci38194640
2018-06-09T14:17:51.600Z,19.3868332,-155.293335,0.35,2.29,ml,12,71,0.003214,0.15,hv,hv70253227
2018-06-09T14:16:55.040Z,19.4261665,-155.2711639,0.96,1.84,ml,9,96,0.003409,0.31,hv,hv70253222
2018-06-09T14:16:32.710Z,19.430666,-155.2489929,1.37,2,ml,6,276,0.01359,0.08,hv,hv70253217
2018-06-09T14:14:53.370Z,19.4011669,-155.2640076,0.89,2.43,ml,23,59,0.003481,0.15,hv,hv70253212
2018-06-09T14:11:37.860Z,33.4395,-116.9441667,13.27,0.57,ml,15,156,0.1124,0.25,ci,ci38194632
2018-06-09T14:11:34.940Z,19.3841667,-155.2774963,0.35,2.35,ml,8,244,0.01172,0.17,hv,hv70253207
2018-06-09T14:11:20.590Z,32.901,-116.2886667,13.81,0.87,ml,14,71,0.1128,0.18,ci,ci38194624
2018-06-09T14:11:06.490Z,19.4128342,-155.2863312,0.33,2.15,ml,12,100,0.005245,0.13,hv,hv70253202
2018-06-09T14:06:13.210Z,19.4118328,-155.2920074,0.63,2.81,ml,47,27,0.009126,0.27,hv,hv70253197
2018-06-09T14:03:49.750Z,19.4120007,-155.2676697,2.16,2.27,ml,14,85,0.007356,0.23,hv,hv70253182
2018-06-09T14:03:47.090Z,32.3155,-115.3581667,7.46,2.2,ml,12,147,0.113,0.17,ci,ci38194616
2018-06-09T14:03:06.590Z,19.4309998,-155.2741699,0.32,2.31,ml,16,124,0.006993,0.17,hv,hv70253177
2018-06-09T13:59:41.010Z,36.7548,-98.0765,5,4.4,mwr,,49,0.118,0.19,us,us1000em4c
2018-06-09T13:58:48.250Z,19.4064999,-155.2661591,0.38,2.77,ml,35,27,0.008127,0.29,hv,hv70253162
2018-06-09T13:55:23.760Z,19.4181671,-155.2794952,1.37,3.29,ml,52,25,0.004372,0.21,hv,hv70253157
2018-06-09T13:53:54.310Z,19.3878326,-155.2825012,0.64,2.96,ml,21,65,0.001492,0.24,hv,hv70253152
2018-06-09T13:50:52.600Z,19.4204998,-155.2791595,2,2.68,ml,12,78,0.004492,0.27,hv,hv70253137
2018-06-09T13:50:00.890Z,19.3821659,-155.2813263,0.11,2.44,ml,27,95,0.004359,0.23,hv,hv70253132
2018-06-09T13:49:55.880Z,19.3798332,-155.2436676,6.29,2.45,ml,8,150,0.02042,0.08,hv,hv70253127
2018-06-09T13:49:07.590Z,33.8748333,-116.639,15.9,1.27,ml,42,42,0.07936,0.19,ci,ci38194608
2018-06-09T13:48:21.120Z,19.373333,-155.2969971,-1.07,2.46,ml,19,93,0.01682,0.36,hv,hv70253117
2018-06-09T13:47:30.589Z,58.6107,-154.4562,0.8,1.5,ml,,,,0.61,ak,ak19737693
2018-06-09T13:45:04.850Z,19.4200001,-155.2823334,1.11,2.21,ml,22,62,0.00286,0.2,hv,hv70253112
2018-06-09T13:44:14.659Z,58.2175,-155.4171,0,1.4,ml,,,,0.6,ak,ak19737691
2018-06-09T13:40:45.590Z,19.4286671,-155.2684937,-0.41,2.68,ml,16,217,0.001757,0.24,hv,hv70253102
2018-06-09T13:38:30.350Z,19.4096661,-155.2628326,0.66,2.47,ml,35,36,0.003685,0.3,hv,hv70253097
2018-06-09T13:36:32.220Z,19.4099998,-155.2714996,1.58,2.05,ml,27,42,0.01116,0.24,hv,hv70253092
2018-06-09T13:32:32.990Z,19.4121666,-155.4244995,-3.14,2.35,ml,12,236,0.1022,0.31,hv,hv70253087
2018-06-09T13:32:29.110Z,19.4121666,-155.2863312,0.33,2.7,ml,49,20,0.005859,0.25,hv,hv70253082
2018-06-09T13:31:57.720Z,19.3751659,-155.2976685,2.37,2.66,ml,7,124,0.01516,0.22,hv,hv70253077
2018-06-09T13:31:40.940Z,19.4403324,-155.2121735,2.19,2.58,ml,8,310,0.04913,0.17,hv,hv70253072
2018-06-09T13:28:42.660Z,19.4241657,-155.277832,1.19,2.53,ml,38,32,0.0006365,0.19,hv,hv70253067
2018-06-09T13:28:15.440Z,19.4196663,-155.2836609,-0.57,2.57,ml,6,128,0.002036,0.05,hv,hv70253062
2018-06-09T13:26:03.170Z,19.3936672,-155.2879944,0.73,2.42,ml,29,51,0.006736,0.18,hv,hv70253057
2018-06-09T13:25:13.260Z,19.4018326,-155.2648315,1.28,2.21,ml,19,95,0.003747,0.17,hv,hv70253052
2018-06-09T13:23:22.130Z,19.3955002,-155.2948303,0.61,2.38,ml,20,105,0.005525,0.2,hv,hv70253042
2018-06-09T13:23:08.450Z,19.4069996,-155.2805023,0.01,2.37,ml,18,93,0.01114,0.19,hv,hv70253037
2018-06-09T13:18:13.700Z,19.3959999,-155.2641602,-0.3,3.12,ml,54,36,0.002845,0.32,hv,hv70253032
2018-06-09T13:16:50.480Z,19.4034996,-155.2686615,0.53,2.59,ml,24,51,0.005789,0.34,hv,hv70253022
2018-06-09T13:15:24.230Z,19.4071674,-155.2649994,0.61,2.39,ml,23,55,0.006879,0.25,hv,hv70253012
2018-06-09T13:15:22.850Z,19.5321674,-155.2261658,3.04,2.82,ml,12,245,0.08535,0.26,hv,hv70253017
2018-06-09T13:13:50.420Z,19.4173336,-155.2576599,0.7,2.31,ml,19,98,0.005623,0.24,hv,hv70253007
2018-06-09T13:10:21.570Z,19.4116669,-155.2855072,0.85,2.23,ml,28,31,0.00611,0.13,hv,hv70253002
2018-06-09T13:09:15.010Z,19.383667,-155.2855072,0.99,1.99,ml,16,78,0.004576,0.17,hv,hv70252992
2018-06-09T13:07:04.390Z,19.4060001,-155.2698364,0.52,2.16,ml,7,244,0.008512,0.15,hv,hv70252982
2018-06-09T13:03:41.234Z,62.9389,-151.2894,104.4,1.1,ml,,,,0.25,ak,ak19737687
2018-06-09T13:03:37.590Z,34.0693333,-117.5463333,0.08,0.75,ml,17,111,0.08493,0.24,ci,ci38194600
2018-06-09T13:02:00.700Z,19.4091663,-155.2714996,0.28,2.79,ml,34,41,0.01135,0.29,hv,hv70252967
2018-06-09T13:00:10.820Z,19.3994999,-155.2758331,0.57,2.76,ml,32,40,0.004601,0.21,hv,hv70252962
2018-06-09T12:58:26.880Z,35.3045,-118.5903333,4.2,1.56,ml,17,133,0.1089,0.16,ci,ci38194592
2018-06-09T12:56:34.350Z,19.430666,-155.3011627,-0.51,2.5,ml,14,67,0.01349,0.19,hv,hv70252957
2018-06-09T12:55:25.910Z,35.3053333,-118.5856667,4.84,2.05,ml,30,47,0.1123,0.21,ci,ci38194584
2018-06-09T12:55:05.170Z,19.4103336,-155.2636719,0.59,2.48,ml,33,33,0.003984,0.21,hv,hv70252952
2018-06-09T12:53:11.770Z,19.4146671,-155.295166,0.21,2.79,ml,22,83,0.007322,0.19,hv,hv70252942
2018-06-09T12:52:39.030Z,19.4039993,-155.2666626,1.23,2.71,ml,18,56,0.005758,0.22,hv,hv70252937
2018-06-09T12:51:13.360Z,19.3943329,-155.2698364,1.17,1.93,ml,8,117,0.003738,0.08,hv,hv70252932
2018-06-09T12:50:07.200Z,19.423666,-155.2746735,1.8,2.47,ml,18,60,0.002953,0.14,hv,hv70252927
2018-06-09T12:49:52.360Z,19.4243336,-155.2975006,0.42,2.58,ml,12,80,0.006853,0.31,hv,hv70252922
2018-06-09T12:45:42.540Z,19.4001675,-155.2863312,0.7,2.56,ml,13,171,0.01243,0.16,hv,hv70252912
2018-06-09T12:44:05.540Z,19.4183331,-155.2774963,0.59,2.13,ml,15,80,0.006266,0.2,hv,hv70252907
2018-06-09T12:43:49.860Z,19.4246674,-155.2915039,0.32,2.12,ml,15,136,0.00369,0.22,hv,hv70252902
2018-06-09T12:40:58.530Z,19.3859997,-155.302002,0.45,2.41,ml,15,91,0.008543,0.22,hv,hv70252897
2018-06-09T12:37:55.980Z,33.9278333,-116.3245,9.52,0.91,ml,27,58,0.07122,0.22,ci,ci38194576
2018-06-09T12:37:08.020Z,19.4146671,-155.2615051,0.94,1.71,md,9,121,0.002991,0.03,hv,hv70252887
2018-06-09T12:29:17.740Z,19.4273338,-155.2293396,6.49,2.31,ml,9,259,0.03013,0.2,hv,hv70252867
2018-06-09T12:27:38.270Z,19.4173336,-155.264328,1.93,2.02,ml,17,75,0.006513,0.17,hv,hv70252857
2018-06-09T12:27:09.410Z,33.5786667,-116.7111667,13.86,0.25,ml,20,78,0.02552,0.15,ci,ci38194480
2018-06-09T12:26:48.490Z,38.7879982,-122.7648315,1.25,1.03,md,10,72,0.01727,0.04,nc,nc73027791
2018-06-09T12:26:14.040Z,17.9165,-65.9001,10,1.93,md,11,269,0.2124,0.1,pr,pr2018160006
2018-06-09T12:24:19.540Z,19.3773327,-155.2850037,0.15,2.23,ml,19,96,0.009663,0.31,hv,hv70252842
2018-06-09T12:21:35.160Z,19.4061661,-155.2619934,1.38,2.18,ml,16,76,0.006219,0.13,hv,hv70252837
2018-06-09T12:20:25.630Z,19.4071674,-155.2814941,-0.03,2.08,ml,10,180,0.01072,0.27,hv,hv70252827
2018-06-09T12:19:56.580Z,19.3915005,-155.2736664,0.58,2.25,ml,17,64,0.009064,0.22,hv,hv70252822
2018-06-09T12:17:31.918Z,61.2655,-149.3372,33.6,1.2,ml,,,,0.34,ak,ak19737685
2018-06-09T12:17:27.010Z,19.3976669,-155.2618408,0.1,2.32,ml,12,88,0.003997,0.26,hv,hv70252812
2018-06-09T12:15:50.540Z,19.4133339,-155.2850037,0.41,2.37,ml,36,30,0.00439,0.2,hv,hv70252807
2018-06-09T12:15:16.262Z,38.8292,-119.8138,11.8,1.6,ml,31,68.13,0.208,0.222,nn,nn00638954
2018-06-09T12:13:20.620Z,19.4230003,-155.2928314,0.72,2.41,ml,24,41,0.00256,0.2,hv,hv70252797
2018-06-09T12:12:03.270Z,19.4451675,-155.2686615,0.16,1.89,ml,9,183,0.0162,0.09,hv,hv70252792
2018-06-09T12:09:34.940Z,19.3969994,-155.2793274,0.6,2.83,ml,28,72,0.005606,0.15,hv,hv70252787
2018-06-09T12:08:59.430Z,19.4113331,-155.2986603,-0.11,2.77,ml,9,147,0.01192,0.15,hv,hv70252782
2018-06-09T12:06:02.790Z,19.4363327,-155.2928314,-0.84,2.83,ml,31,59,0.01536,0.37,hv,hv70252777
2018-06-09T12:05:44.820Z,19.3928337,-155.2768402,0.58,2.73,ml,16,95,0.003932,0.16,hv,hv70252772
2018-06-09T12:05:31.790Z,19.3878326,-155.2799988,0.81,2.78,ml,21,60,0.002073,0.18,hv,hv70252767
2018-06-09T12:03:49.170Z,19.4133339,-155.2818298,0.12,2.59,ml,26,38,0.004808,0.27,hv,hv70252762
2018-06-09T12:03:13.020Z,19.3921661,-155.2684937,0.61,2.66,ml,24,53,0.005811,0.23,hv,hv70252757
2018-06-09T12:00:43.480Z,19.3991661,-155.276001,1.61,2.52,ml,30,44,0.004385,0.15,hv,hv70252747
2018-06-09T12:00:35.760Z,19.3999996,-155.2838287,-1.08,2.52,ml,7,198,0.01066,0.15,hv,hv70252742
2018-06-09T11:59:39.250Z,19.4243336,-155.2734985,2.04,2.32,ml,11,109,0.003877,0.14,hv,hv70252737
2018-06-09T11:56:30.980Z,19.4241657,-155.2745056,0.62,2.37,ml,18,67,0.002963,0.31,hv,hv70252727
2018-06-09T11:53:33.800Z,19.4115009,-155.2826691,0.25,2.41,ml,31,38,0.006275,0.23,hv,hv70252717
2018-06-09T11:52:21.080Z,19.4013329,-155.2678375,2.38,1.86,ml,18,69,0.003515,0.18,hv,hv70252712
2018-06-09T11:50:07.120Z,19.4125004,-155.2633362,1.23,1.87,ml,13,84,0.003291,0.12,hv,hv70252707
2018-06-09T11:47:53.830Z,19.4021664,-155.2688293,0.52,2.64,ml,21,56,0.004713,0.38,hv,hv70252702
2018-06-09T11:47:37.840Z,19.3999996,-155.2711639,0.48,2.51,ml,23,57,0.00515,0.12,hv,hv70252697
2018-06-09T11:46:16.550Z,46.1886667,-122.1775,0.77,0.51,md,4,172,0.01448,0,uw,uw61383797
2018-06-09T11:45:04.540Z,19.4155006,-155.284668,0.5,2.25,ml,32,36,0.002217,0.17,hv,hv70252692
2018-06-09T11:44:27.640Z,59.936,-140.9987,15.5,1.3,ml,,,,0.48,ak,ak19737129
2018-06-09T11:43:34.170Z,34.0748333,-117.5098333,3.81,0.99,ml,30,58,0.06311,0.2,ci,ci38194472
2018-06-09T11:42:57.136Z,63.5327,-150.8575,7.1,1.4,ml,,,,0.61,ak,ak19737126
2018-06-09T11:40:29.880Z,19.4326668,-155.3091736,-1.16,2.46,ml,9,110,0.0206,0.37,hv,hv70252677
2018-06-09T11:39:43.540Z,19.3123341,-155.1901703,3.59,2.7,ml,12,113,0.04492,0.18,hv,hv70252672
2018-06-09T11:37:02.890Z,34.0748333,-117.5106667,2.82,0.86,ml,22,102,0.06361,0.23,ci,ci38194464
2018-06-09T11:36:15.070Z,19.4064999,-155.2626648,1.5,2.22,ml,20,76,0.006149,0.17,hv,hv70252662
2018-06-09T11:34:21.990Z,33.2353333,-116.7705,11.13,1.52,ml,55,39,0.1094,0.22,ci,ci38194456
2018-06-09T11:34:15.990Z,19.4171658,-155.2850037,1.07,2.41,ml,45,29,0.0009879,0.21,hv,hv70252657
2018-06-09T11:31:45.740Z,19.4244995,-155.2619934,0.68,2.3,ml,31,63,0.001762,0.19,hv,hv70252647
2018-06-09T11:30:45.220Z,19.4058342,-155.2763367,-0.56,2.11,ml,10,128,0.01072,0.27,hv,hv70252642
2018-06-09T11:28:32.190Z,19.383667,-155.2640076,0.11,2.53,ml,18,58,0.01213,0.28,hv,hv70252637
2018-06-09T11:28:03.030Z,33.5226667,-116.7908333,6.7,0.16,ml,14,131,0.06177,0.22,ci,ci38194448
2018-06-09T11:27:52.830Z,19.4171658,-155.2669983,0.8,2.49,ml,17,69,0.008173,0.29,hv,hv70252632
2018-06-09T11:27:10.660Z,19.3916664,-155.2879944,1.19,2.36,ml,22,61,0.005901,0.26,hv,hv70252627
2018-06-09T11:27:06.120Z,19.2761669,-155.3444977,1.13,2.99,ml,14,299,0.1219,0.36,hv,hv70252622
2018-06-09T11:26:57.700Z,34.0768333,-117.5013333,3.09,0.71,ml,12,128,0.05974,0.15,ci,ci38194440
2018-06-09T11:25:53.640Z,19.3856659,-155.2818298,0.7,2.1,ml,18,67,0.0008684,0.18,hv,hv70252617
2018-06-09T11:24:15.640Z,34.0826667,-117.496,4.66,0.98,ml,12,132,0.06175,0.21,ci,ci38194432
2018-06-09T11:23:27.210Z,34.0781667,-117.5051667,4.64,1.32,ml,41,53,0.01672,0.18,ci,ci38194424
2018-06-09T11:20:43.938Z,60.1873,-151.3253,62.3,1.3,ml,,,,0.13,ak,ak19737125
2018-06-09T11:20:32.930Z,19.4066658,-155.2656708,0.4,3.34,ml,46,28,0.00768,0.21,hv,hv70252607
2018-06-09T11:18:24.230Z,34.0813333,-117.4861667,2.41,0.61,ml,12,138,0.05646,0.18,ci,ci38194400
2018-06-09T11:16:34.910Z,19.4178333,-155.2861633,-0.34,3.63,ml,54,34,0.001958,0.28,hv,hv70252597
2018-06-09T11:16:24.270Z,19.3845005,-155.2700043,-0.49,3.62,ml,31,46,0.01124,0.28,hv,hv70252592
2018-06-09T11:14:42.020Z,19.3980007,-155.2803345,0.48,2.71,ml,29,52,0.006838,0.2,hv,hv70252587
2018-06-09T11:13:20.630Z,19.4208336,-155.2718353,1.02,2.81,ml,32,40,0.006684,0.17,hv,hv70252582
2018-06-09T11:13:05.330Z,19.3956661,-155.2893372,1.12,2.6,ml,13,76,0.007146,0.18,hv,hv70252577
2018-06-09T11:11:18.260Z,19.381834,-155.283493,0.53,2.32,ml,12,82,0.01282,0.16,hv,hv70252572
2018-06-09T11:11:13.460Z,19.3998337,-155.2716675,1.83,2.32,ml,9,137,0.004818,0.15,hv,hv70252567
2018-06-09T11:11:12.290Z,18.568,-67.0796,81,2.76,md,6,276,0.3923,0.27,pr,pr2018160005
2018-06-09T11:09:40.740Z,19.4025002,-155.2698364,0.45,2.24,ml,21,53,0.005553,0.17,hv,hv70252562
2018-06-09T11:07:28.780Z,19.4063339,-155.2766724,0.49,1.91,ml,11,151,0.01327,0.11,hv,hv70252557
2018-06-09T11:06:43.324Z,39.5997,-119.0935,10.2,1.3,ml,9,168.99,0.251,0.2009,nn,nn00638950
2018-06-09T11:06:04.860Z,34.0733333,-117.4966667,2.04,0.86,ml,14,129,0.05458,0.22,ci,ci38194392
2018-06-09T11:05:16.910Z,19.4173336,-155.2828369,5.57,1.81,ml,9,144,0.001233,0.14,hv,hv70252547
2018-06-09T11:05:09.180Z,19.4239998,-155.0310059,-0.68,2.76,ml,24,167,0.02683,0.39,hv,hv70252552
2018-06-09T11:04:47.229Z,63.0495,-149.2061,14,1.2,ml,,,,0.6,ak,ak19737121
2018-06-09T11:02:33.550Z,19.4325008,-155.2740021,1.06,1.76,md,13,86,0.008042,0.12,hv,hv70252542
2018-06-09T11:01:34.400Z,19.4034996,-155.2641602,0.47,2.56,ml,25,69,0.00552,0.17,hv,hv70252537
2018-06-09T10:59:51.720Z,34.079,-117.495,2.74,0.83,ml,17,112,0.05825,0.18,ci,ci38194384
2018-06-09T10:58:43.590Z,19.3985004,-155.2753296,0.63,1.97,ml,15,111,0.003499,0.1,hv,hv70252532
2018-06-09T10:56:21.160Z,19.425333,-155.2871704,0.61,2.44,ml,13,74,0.005176,0.2,hv,hv70252527
2018-06-09T10:55:41.330Z,19.428833,-155.2851715,0.1,2.57,ml,16,80,0.008229,0.19,hv,hv70252522
2018-06-09T10:55:22.640Z,19.4198341,-155.2636719,1.93,2.56,ml,13,77,0.004099,0.13,hv,hv70252517
2018-06-09T10:54:39.680Z,19.3926659,-155.2749939,-0.7,2.44,ml,13,100,0.002975,0.29,hv,hv70252512
2018-06-09T10:53:01.850Z,19.3963337,-155.2683258,1.17,2.06,ml,14,79,0.00288,0.12,hv,hv70252507
2018-06-09T10:51:03.771Z,61.367,-150.7731,47.7,3,ml,,,,0.66,ak,ak19737103
2018-06-09T10:50:33.490Z,19.3996658,-155.2664948,0.17,2.47,ml,15,66,0.001482,0.12,hv,hv70252497
2018-06-09T10:49:41.758Z,36.9541,-116.0758,6.4,0.1,ml,14,111.55,0.027,0.123,nn,nn00638948
2018-06-09T10:48:13.320Z,37.661499,-118.8506699,-2.01,0.7,md,7,157,0.02627,0.02,nc,nc73027756
2018-06-09T10:46:55.520Z,19.4303341,-155.2788391,-0.13,2.34,ml,9,101,0.00567,0.11,hv,hv70252477
2018-06-09T10:46:35.110Z,48.4116667,-124.6575,35.34,2.78,ml,11,152,0.06131,0.31,uw,uw61383747
2018-06-09T10:46:15.490Z,34.0723333,-117.5243333,1.19,0.77,ml,13,117,0.0708,0.27,ci,ci38194368
2018-06-09T10:44:23.730Z,34.0726667,-117.511,4.57,1.01,ml,33,63,0.01524,0.23,ci,ci38194360
2018-06-09T10:43:59.570Z,34.0371667,-117.554,10.65,0.97,ml,28,49,0.0331,0.15,ci,ci38194352
2018-06-09T10:43:30.770Z,19.4004993,-155.2734985,1.48,2.32,ml,25,51,0.005106,0.25,hv,hv70252472
2018-06-09T10:43:02.541Z,39.2525,-120.1083,9.1,0.7,ml,8,112.88,0.047,0.0783,nn,nn00638971
2018-06-09T10:39:51.660Z,19.4121666,-155.2613373,0.77,2.53,ml,36,54,0.001381,0.24,hv,hv70252462
2018-06-09T10:39:30.380Z,19.3988342,-155.2565002,-0.31,2.53,ml,15,102,0.01356,0.3,hv,hv70252457
2018-06-09T10:38:54.050Z,19.4163342,-155.244339,0.61,2.21,ml,17,211,0.01526,0.21,hv,hv70252452
2018-06-09T10:35:51.300Z,19.4080009,-155.2768402,3.09,1.89,ml,19,92,0.0118,0.11,hv,hv70252442
2018-06-09T10:33:22.220Z,19.4086666,-155.2545013,-0.04,2.31,ml,14,123,0.006109,0.25,hv,hv70252437
2018-06-09T10:32:05.850Z,19.4120007,-155.2868347,0.5,2.45,ml,37,24,0.006196,0.2,hv,hv70252432
2018-06-09T10:30:47.670Z,34.0703333,-117.5153333,3.65,0.74,ml,14,91,0.06362,0.17,ci,ci38194344
2018-06-09T10:30:09.840Z,34.0753333,-117.5056667,2.63,0.83,ml,22,71,0.06102,0.16,ci,ci38194336
2018-06-09T10:30:07.320Z,19.3983326,-155.2655029,0.15,2.56,ml,27,55,0.0005075,0.18,hv,hv70252427
2018-06-09T10:29:23.110Z,40.6739998,-125.5606689,2.16,3.6,ml,61,252,0.9526,0.29,nc,nc73027746
2018-06-09T10:28:53.500Z,19.3981667,-155.2806702,1.25,2.07,ml,10,177,0.007194,0.07,hv,hv70252422
2018-06-09T10:26:12.171Z,38.5366,-118.4704,9.6,0,ml,4,198.22,0.1,0.0145,nn,nn00638986
2018-06-09T10:25:56.740Z,19.4038334,-155.2583313,-0.32,2.96,ml,15,70,0.008339,0.17,hv,hv70252412
2018-06-09T10:22:57.270Z,19.4133339,-155.279007,1.19,3.31,ml,51,31,0.006451,0.22,hv,hv70252402
2018-06-09T10:22:00.730Z,19.4028339,-155.2785034,1.19,2.56,ml,17,130,0.00873,0.3,hv,hv70252392
2018-06-09T10:19:58.380Z,19.4021664,-155.2628326,-0.43,2.51,ml,9,220,0.02531,0.19,hv,hv70252387
2018-06-09T10:19:55.944Z,64.6082,-149.4949,24.8,0.7,ml,,,,0.3,ak,ak19737100
2018-06-09T10:18:45.920Z,19.4015007,-155.2579956,0.42,2.61,ml,18,68,0.008249,0.2,hv,hv70252377
2018-06-09T10:18:22.470Z,19.5990009,-155.7879944,-0.32,2.93,md,9,259,0.4375,0.08,hv,hv70252372
2018-06-09T10:17:42.000Z,19.4213333,-155.2856598,0.46,2.6,ml,10,81,0.002369,0.07,hv,hv70252367
2018-06-09T10:14:34.720Z,19.4634991,-155.3439941,15.05,3.85,ml,17,296,0.08702,0.37,hv,hv70252352
2018-06-09T10:13:23.040Z,19.4068336,-155.2684937,2.26,1.75,ml,14,92,0.008857,0.27,hv,hv70252347
2018-06-09T10:10:08.660Z,19.4069996,-155.2734985,1.01,2.44,ml,20,80,0.01121,0.19,hv,hv70252337
2018-06-09T10:09:49.490Z,19.4181671,-155.2793274,0.77,2.44,ml,7,234,0.00453,0.11,hv,hv70252332
2018-06-09T10:08:09.720Z,19.4096661,-155.2706604,-0.22,2.21,ml,26,45,0.01046,0.3,hv,hv70252327
2018-06-09T10:07:47.450Z,19.4120007,-155.2881622,0.73,2.47,ml,16,72,0.006815,0.23,hv,hv70252322
2018-06-09T10:04:48.380Z,19.4161663,-155.2310028,-0.76,2.14,ml,10,179,0.02755,0.18,hv,hv70252312
2018-06-09T10:02:30.532Z,61.0293,-151.65,82.3,1.4,ml,,,,0.54,ak,ak19737096
2018-06-09T10:00:18.060Z,19.3928337,-155.2623291,-0.14,2.54,ml,23,57,0.006416,0.21,hv,hv70252307
2018-06-09T09:58:44.210Z,19.4188328,-155.2763367,1.27,2.54,ml,42,39,0.006012,0.17,hv,hv70252302
2018-06-09T09:57:34.370Z,19.3986664,-155.2716675,0.89,2.35,ml,18,62,0.003774,0.18,hv,hv70252297
2018-06-09T09:57:23.910Z,19.4016666,-155.2734985,1.97,2.35,ml,11,99,0.006267,0.17,hv,hv70252292
2018-06-09T09:56:36.280Z,19.4261665,-155.2863312,-0.17,1.99,ml,9,79,0.006135,0.11,hv,hv70252287
2018-06-09T09:56:00.198Z,65.5586,-145.2918,9.3,1.3,ml,,,,0.81,ak,ak19737093
2018-06-09T09:54:42.944Z,39.3613,-120.0272,3.8,0.5,ml,9,70.2,0.069,0.161,nn,nn00638970
2018-06-09T09:54:14.846Z,58.3259,-153.6312,64,2.4,ml,,,,0.53,ak,ak19737089
2018-06-09T09:53:24.100Z,19.4146671,-155.2806702,0.1,2.79,ml,24,36,0.004397,0.3,hv,hv70252282
2018-06-09T09:53:14.440Z,19.4198341,-155.2726593,0.81,2.54,ml,23,41,0.006753,0.11,hv,hv70252277
2018-06-09T09:51:43.360Z,33.4175,-116.3633333,10.97,0.63,ml,17,152,0.1178,0.21,ci,ci38194328
2018-06-09T09:51:00.790Z,19.4223328,-155.2830048,0.78,2.29,ml,23,56,0.004759,0.17,hv,hv70252267
2018-06-09T09:50:51.398Z,60.2034,-141.6324,7.2,1.3,ml,,,,0.63,ak,ak19737087
2018-06-09T09:50:08.330Z,19.4028339,-155.2553406,-0.1,2.02,ml,12,119,0.01765,0.2,hv,hv70252262
2018-06-09T09:49:29.180Z,19.3893337,-155.2658386,0.47,2.32,ml,8,105,0.008864,0.05,hv,hv70252257
2018-06-09T09:46:07.780Z,19.4095001,-155.2830048,0.2,2.32,ml,28,35,0.008184,0.22,hv,hv70252247
2018-06-09T09:45:14.140Z,19.4203339,-155.2831726,0.86,1.87,ml,15,63,0.002797,0.22,hv,hv70252242
2018-06-09T09:39:41.360Z,19.4309998,-155.2924957,-0.99,2.44,ml,18,80,0.01005,0.37,hv,hv70252237
2018-06-09T09:37:41.900Z,19.4213333,-155.2733307,0.65,2.98,ml,15,88,0.005265,0.18,hv,hv70252232
2018-06-09T09:37:15.590Z,19.3983326,-155.277832,0.76,2.74,ml,14,151,0.004933,0.14,hv,hv70252227
2018-06-09T09:36:52.383Z,36.7469,-116.2843,9,0.1,ml,19,65.92,0.061,0.106,nn,nn00638943
2018-06-09T09:35:55.250Z,19.4134998,-155.2799988,1.12,2.58,ml,43,31,0.005666,0.31,hv,hv70252222
2018-06-09T09:35:34.820Z,19.4008331,-155.2891693,-0.28,2.63,ml,9,126,0.01741,0.13,hv,hv70252212
2018-06-09T09:35:26.030Z,19.4015007,-154.9861603,4.74,2.99,ml,23,177,0.03631,0.26,hv,hv70252217
2018-06-09T09:34:49.440Z,19.4101658,-155.2928314,1.55,2.3,ml,12,183,0.01086,0.29,hv,hv70252207
2018-06-09T09:31:13.290Z,19.3953342,-155.2818298,0.45,2.34,ml,12,76,0.007728,0.12,hv,hv70252197
2018-06-09T09:30:19.420Z,19.4233341,-155.2831726,0.52,2.64,ml,11,75,0.005422,0.1,hv,hv70252192
2018-06-09T09:30:09.230Z,19.4016666,-155.2640076,2.01,2.14,ml,8,233,0.01104,0.08,hv,hv70252187
2018-06-09T09:29:30.900Z,19.4031658,-155.2415009,0.22,2.5,ml,16,138,0.01948,0.2,hv,hv70252182
2018-06-09T09:26:31.630Z,19.4095001,-155.2631683,0.65,2.45,ml,23,50,0.004034,0.24,hv,hv70252172
2018-06-09T09:25:28.514Z,39.4011,-119.9602,6.2,0.9,ml,22,60.39,0.123,0.1798,nn,nn00638941
2018-06-09T09:24:31.230Z,19.4143333,-155.2839966,0.44,2.32,ml,29,39,0.003313,0.26,hv,hv70252167
2018-06-09T09:20:57.741Z,36.7462,-115.9852,2.5,0.4,ml,20,162.98,0.018,0.2286,nn,nn00638938
2018-06-09T09:19:50.560Z,19.3964996,-155.2701721,0.89,2.4,ml,19,74,0.003464,0.2,hv,hv70252147
2018-06-09T09:19:48.240Z,19.4158325,-155.3045044,0.75,2.33,ml,17,109,0.01359,0.35,hv,hv70252152
2018-06-09T09:15:58.070Z,19.4183331,-155.2664948,0.57,2.49,ml,27,57,0.007027,0.23,hv,hv70252142
2018-06-09T09:14:08.250Z,19.3279991,-155.1013336,6.05,1.83,ml,27,173,0.04944,0.27,hv,hv70252137
2018-06-09T09:13:31.430Z,19.4148331,-155.2838287,0.12,1.85,ml,10,131,0.002825,0.11,hv,hv70252132
2018-06-09T09:12:47.340Z,18.749,-67.403,9,2.69,md,6,323,0.4055,0.29,pr,pr2018160004
2018-06-09T09:10:48.490Z,19.3204994,-155.2993317,4.35,2.31,ml,12,233,0.06106,0.33,hv,hv70252122
2018-06-09T09:10:17.320Z,19.4025002,-155.2756653,0.28,2.22,ml,9,251,0.01705,0.22,hv,hv70252117
2018-06-09T09:09:14.130Z,19.420166,-155.2878265,0.73,2.15,ml,8,158,0.003249,0.16,hv,hv70252112
2018-06-09T09:08:46.390Z,46.1981667,-122.1945,2.38,0.31,ml,8,101,0.002999,0.04,uw,uw61383732
2018-06-09T09:08:25.730Z,19.3978329,-155.261673,0.25,2.52,ml,15,94,0.004135,0.12,hv,hv70252107
2018-06-09T09:08:03.490Z,19.3998337,-155.263504,0.82,2.37,ml,19,104,0.002864,0.3,hv,hv70252102
2018-06-09T09:05:18.680Z,19.4230003,-155.2576599,1.25,2.35,ml,8,141,0.003096,0.13,hv,hv70252097
2018-06-09T09:03:51.080Z,19.3976669,-155.2686615,1.34,2.04,ml,18,54,0.002547,0.11,hv,hv70252092
2018-06-09T09:03:00.350Z,46.1986667,-122.1945,2.25,0.59,ml,8,92,0.002763,0.05,uw,uw61383727
2018-06-09T09:01:11.120Z,36.7383,-116.2857,10.4,-0.1,ml,11,114.46,0.06,0.05,nn,nn00638937
2018-06-09T09:00:28.410Z,19.4344997,-155.2341614,3.49,2.34,ml,9,302,0.03248,0.17,hv,hv70252077
2018-06-09T08:58:20.230Z,19.4290009,-155.3016663,-0.75,2.48,ml,21,69,0.01273,0.24,hv,hv70252072
2018-06-09T08:57:25.290Z,19.4126663,-155.2661591,1.77,1.75,md,23,56,0.005957,0.2,hv,hv70252062
2018-06-09T08:56:32.470Z,19.3961658,-155.2613373,-0.38,2.11,ml,18,86,0.004889,0.36,hv,hv70252057
2018-06-09T08:55:32.110Z,19.4130001,-155.2791595,1.13,2,ml,15,77,0.006574,0.12,hv,hv70252047
2018-06-09T08:54:47.490Z,19.4183331,-155.2566681,0.68,1.86,ml,12,137,0.006912,0.13,hv,hv70252042
2018-06-09T08:50:33.320Z,19.4174995,-155.2603302,1.92,2.25,ml,15,110,0.005401,0.28,hv,hv70252032
2018-06-09T08:47:28.340Z,39.8091,-120.7047,9.9,0.6,ml,9,110.11,0.055,0.1213,nn,nn00638969
2018-06-09T08:45:48.780Z,19.4113331,-155.2781677,0.98,2.82,ml,34,35,0.008424,0.15,hv,hv70252022
2018-06-09T08:41:15.670Z,19.401,-155.2695,0.59,3.25,ml,33,50,0.006832,0.09,hv,hv70252012
2018-06-09T08:38:17.010Z,19.4083333,-155.2716667,0.62,2.77,ml,29,53,0.01136,0.09,hv,hv70252007
2018-06-09T08:37:46.570Z,19.434,-155.2935028,-1.12,2.87,ml,10,88,0.01315,0.28,hv,hv70252002
2018-06-09T08:36:25.990Z,19.3916664,-155.2599945,0.45,2.2,ml,8,153,0.008676,0.14,hv,hv70251992
2018-06-09T08:32:00.880Z,19.4136658,-155.2858276,0.28,1.84,ml,15,86,0.004298,0.16,hv,hv70251977
2018-06-09T08:30:02.160Z,19.4125004,-155.2660065,1.19,1.83,ml,18,70,0.0058,0.2,hv,hv70251972
2018-06-09T08:28:01.310Z,-9.8007,154.8532,10,5.1,mww,,50,5.036,0.57,us,us1000elx6
2018-06-09T08:27:56.790Z,39.4453316,-122.0930023,4.67,1.87,md,5,168,0.2835,0.24,nc,nc73027711
2018-06-09T08:27:41.460Z,19.3999996,-155.2681732,2.15,1.98,ml,21,80,0.002672,0.17,hv,hv70251962
2018-06-09T08:24:52.560Z,19.4041672,-155.2570038,1.62,2.44,ml,22,54,0.008332,0.21,hv,hv70251957
2018-06-09T08:24:38.640Z,19.3928337,-155.3045044,1.32,2.45,ml,8,90,0.01031,0.17,hv,hv70251952
2018-06-09T08:22:32.290Z,19.4173336,-155.263504,1.5,1.74,ml,17,81,0.006168,0.11,hv,hv70251947
2018-06-09T08:19:27.590Z,35.3078333,-118.5888333,4.4,1.37,ml,16,87,0.1384,0.15,ci,ci38194320
2018-06-09T08:16:59.760Z,19.4044991,-155.2749939,0.79,2.23,ml,22,62,0.009172,0.26,hv,hv70251942
2018-06-09T08:13:09.240Z,19.390667,-155.2541656,-1.06,2.38,ml,6,148,0.0135,0.22,hv,hv70251937
2018-06-09T08:12:14.580Z,19.4319992,-155.2883301,-0.84,2.68,ml,9,87,0.01129,0.17,hv,hv70251932
2018-06-09T08:12:10.800Z,35.625,-117.442,5.55,1.56,ml,20,120,0.04179,0.22,ci,ci38194312
2018-06-09T08:11:44.520Z,19.4039993,-155.2626648,0.78,2.58,ml,24,57,0.00655,0.16,hv,hv70251922
2018-06-09T08:09:53.884Z,60.4127,-151.4886,58.9,3,ml,,,,0.63,ak,ak19737065
2018-06-09T08:09:12.520Z,19.4063339,-155.2603302,1.12,2.31,ml,16,87,0.005739,0.1,hv,hv70251917
2018-06-09T08:09:00.790Z,19.4168339,-155.2220001,4.1,2.52,ml,8,320,0.03727,0.07,hv,hv70251912
2018-06-09T08:08:42.400Z,19.4061661,-155.2683258,1.7,2.16,ml,20,68,0.008175,0.14,hv,hv70251907
2018-06-09T08:06:15.040Z,19.4225006,-155.2924957,-0.28,2.32,ml,15,68,0.001974,0.24,hv,hv70251897
2018-06-09T08:03:07.429Z,58.8066,-153.0784,64.1,1.7,ml,,,,0.34,ak,ak19736515
2018-06-09T08:03:02.150Z,19.4284992,-155.2913361,-0.55,2.07,ml,12,85,0.00749,0.26,hv,hv70251887
2018-06-09T08:00:02.640Z,19.4206657,-155.286499,0.79,2.27,ml,25,67,0.001367,0.22,hv,hv70251877
2018-06-09T07:59:22.530Z,33.4945,-116.7881667,3.77,0.53,ml,19,47,0.0825,0.16,ci,ci38194304
2018-06-09T07:57:31.540Z,19.3991661,-155.2713318,0.39,2.61,ml,25,52,0.004363,0.17,hv,hv70251867
2018-06-09T07:56:44.370Z,19.3990002,-155.2621613,0.55,2.36,ml,19,93,0.003731,0.19,hv,hv70251862
2018-06-09T07:54:48.640Z,19.4098339,-155.2598267,0.36,1.95,ml,6,134,0.01293,0.1,hv,hv70251857
2018-06-09T07:53:12.330Z,19.3973331,-155.2666626,0.36,2.5,ml,30,52,0.001082,0.33,hv,hv70251852
2018-06-09T07:50:50.380Z,19.4076672,-155.2669983,1.94,1.95,ml,13,89,0.008032,0.18,hv,hv70251842
2018-06-09T07:49:40.220Z,19.4266663,-155.2850037,0.49,2.29,ml,12,73,0.006998,0.12,hv,hv70251837
2018-06-09T07:47:38.130Z,19.4153328,-155.2689972,1.89,2.79,ml,15,81,0.009194,0.12,hv,hv70251832
2018-06-09T07:47:20.790Z,19.3996658,-155.2658386,0.49,2.44,ml,19,65,0.001428,0.21,hv,hv70251827
2018-06-09T07:44:37.250Z,19.3918343,-155.2696686,1.03,2.49,ml,13,68,0.005141,0.12,hv,hv70251822
2018-06-09T07:43:46.960Z,19.4088326,-155.2821655,0.24,2.29,ml,24,51,0.00897,0.17,hv,hv70251817
2018-06-09T07:37:36.810Z,19.4025002,-155.2811737,1.02,3.88,ml,58,31,0.01004,0.28,hv,hv70251812
2018-06-09T07:37:04.880Z,19.4058342,-155.2640076,-0.05,3.76,ml,16,58,0.01736,0.19,hv,hv70251807
2018-06-09T07:37:04.130Z,19.4029999,-155.2649994,-0.05,3.74,ml,35,53,0.004832,0.26,hv,hv70251802
2018-06-09T07:36:59.510Z,19.4349995,-155.2968292,-1.14,3.64,ml,19,93,0.01494,0.28,hv,hv70251797
2018-06-09T07:32:58.140Z,19.4206657,-155.2771606,1.64,2.33,ml,24,53,0.004092,0.36,hv,hv70251782
2018-06-09T07:31:36.070Z,19.3851662,-155.2875061,1.79,2.15,ml,17,121,0.005633,0.22,hv,hv70251777
2018-06-09T07:28:45.561Z,39.6076,-119.0843,9.8,1.3,ml,10,170.6,0.254,0.1307,nn,nn00638929
2018-06-09T07:27:01.930Z,19.4223328,-155.2704926,1.52,1.89,ml,12,56,0.005415,0.15,hv,hv70251767
2018-06-09T07:23:22.490Z,19.4181671,-155.2716675,0.82,2.3,ml,14,96,0.008612,0.09,hv,hv70251762
2018-06-09T07:23:14.478Z,66.2388,-157.4694,4.6,1.2,ml,,,,0.64,ak,ak19736509
2018-06-09T07:23:13.998Z,39.6076,-119.0815,7.5,1.1,ml,11,170.76,0.256,0.1475,nn,nn00638928
2018-06-09T07:22:30.680Z,19.4111671,-155.2838287,0.71,2.14,ml,8,201,0.009727,0.19,hv,hv70251757
2018-06-09T07:19:22.350Z,19.4303341,-155.2578278,1.14,2.13,ml,7,215,0.007831,0.03,hv,hv70251747
2018-06-09T07:17:59.765Z,66.1561,-157.4328,1.8,1.2,ml,,,,0.72,ak,ak19736507
2018-06-09T07:15:13.090Z,19.3899994,-155.2688293,0.64,2.7,ml,18,61,0.007012,0.19,hv,hv70251737
2018-06-09T07:12:22.340Z,19.4251671,-155.2738342,1.23,3.3,ml,54,35,0.00356,0.26,hv,hv70251732
2018-06-09T07:09:30.910Z,19.3986664,-155.2888336,1.19,2.17,ml,19,57,0.0099,0.23,hv,hv70251717
2018-06-09T07:03:57.500Z,19.4013329,-155.2684937,0.67,2.59,ml,15,81,0.003854,0.32,hv,hv70251712
2018-06-09T07:03:26.780Z,19.3966675,-155.2766724,1.27,2.54,ml,16,111,0.003138,0.24,hv,hv70251707
2018-06-09T07:02:42.760Z,19.4348335,-155.2920074,-0.76,2.52,ml,20,65,0.01381,0.31,hv,hv70251702
2018-06-09T07:01:46.070Z,19.4064999,-155.2658386,0.97,2.37,ml,23,63,0.007909,0.2,hv,hv70251697
2018-06-09T07:01:09.480Z,19.4160004,-155.2568359,0.8,2.32,ml,16,134,0.004837,0.18,hv,hv70251692
2018-06-09T06:59:54.420Z,19.388834,-155.2819977,5.22,1.98,ml,15,104,0.002305,0.31,hv,hv70251687
2018-06-09T06:57:28.650Z,19.3934994,-155.2866669,0.85,2.29,ml,25,61,0.007743,0.16,hv,hv70251682
2018-06-09T06:56:24.220Z,19.4085007,-155.2651672,1.48,2.26,ml,25,43,0.006137,0.12,hv,hv70251677
2018-06-09T06:53:12.710Z,19.4025002,-155.2666626,2.23,2.09,ml,20,87,0.004278,0.18,hv,hv70251672
2018-06-09T06:51:53.060Z,33.4885,-116.4861667,14.35,0.56,ml,20,97,0.06135,0.17,ci,ci38194296
2018-06-09T06:50:37.060Z,19.4243336,-155.2796631,1.17,2.39,ml,27,40,0.002009,0.18,hv,hv70251662
2018-06-09T06:47:28.190Z,19.4060001,-155.281662,0.85,2.24,ml,16,87,0.01183,0.2,hv,hv70251652
2018-06-09T06:45:59.910Z,19.4163342,-155.2806702,0.72,2.44,ml,30,39,0.003494,0.22,hv,hv70251647
2018-06-09T06:44:01.140Z,19.4048328,-155.2695007,0.62,2.36,ml,26,71,0.007328,0.2,hv,hv70251642
2018-06-09T06:42:54.910Z,19.4034996,-155.2746735,1.04,1.86,ml,12,71,0.008147,0.16,hv,hv70251632
2018-06-09T06:41:22.200Z,19.4041672,-155.2720032,1.16,2.34,ml,22,57,0.008155,0.13,hv,hv70251627
2018-06-09T06:38:57.680Z,19.4130001,-155.2525024,1.51,1.99,ml,24,188,0.00702,0.34,hv,hv70251622
2018-06-09T06:36:49.804Z,63.062,-151.5879,13.7,1.1,ml,,,,0.6,ak,ak19736506
2018-06-09T06:35:20.920Z,19.4151669,-155.2575073,1.75,2.35,ml,27,64,0.003793,0.18,hv,hv70251612
2018-06-09T06:34:11.288Z,37.1127,-117.2643,10.1,0.3,ml,10,84.81,0.142,0.2011,nn,nn00638979
2018-06-09T06:34:05.970Z,19.3971672,-155.2689972,0.72,2.22,ml,18,70,0.002996,0.22,hv,hv70251607
2018-06-09T06:31:31.400Z,19.4068336,-155.2859955,0.21,2.27,ml,20,65,0.01092,0.15,hv,hv70251602
2018-06-09T06:30:30.510Z,19.4191666,-155.2583313,1.74,1.89,ml,9,189,0.00457,0.11,hv,hv70251597
2018-06-09T06:27:17.530Z,19.4298325,-155.2765045,0.59,2.08,ml,11,124,0.005147,0.23,hv,hv70251587
2018-06-09T06:22:39.133Z,60.1341,-141.327,0,1.5,ml,,,,0.66,ak,ak19736505
2018-06-09T06:22:01.950Z,19.4143333,-155.2745056,0.36,2.74,ml,30,38,0.009639,0.36,hv,hv70251577
2018-06-09T06:20:58.230Z,19.4095001,-155.272171,0.79,2.68,ml,25,39,0.01189,0.15,hv,hv70251572
2018-06-09T06:18:07.940Z,19.4103,-155.277,1.24,3.3,ml,,27,0.01,0.42,us,us1000elus
2018-06-09T06:18:07.640Z,19.4118333,-155.2688333,0.8,2.77,ml,34,51,0.008457,0.08,hv,hv70251562
2018-06-09T06:15:42.360Z,19.3974991,-155.2680054,-0.01,2.35,ml,8,176,0.002004,0.17,hv,hv70251552
2018-06-09T06:14:09.970Z,19.4405003,-155.2969971,-1.18,2.75,ml,19,49,0.02019,0.23,hv,hv70251547
2018-06-09T06:13:43.480Z,19.4083328,-155.283493,0.93,2.44,ml,24,53,0.009298,0.14,hv,hv70251542
2018-06-09T06:12:30.730Z,19.4169998,-155.2671661,0.9,1.99,ml,21,68,0.008402,0.16,hv,hv70251537
2018-06-09T06:11:47.550Z,19.3980007,-155.2531738,0.47,1.79,ml,9,121,0.01214,0.09,hv,hv70251532
2018-06-09T06:07:31.070Z,19.3761673,-155.2570038,1.85,2.71,ml,9,73,0.01569,0.08,hv,hv70251517
2018-06-09T06:07:29.820Z,19.3840008,-155.2550049,1.36,2.63,ml,19,80,0.003797,0.21,hv,hv70251512
2018-06-09T06:06:25.060Z,33.5241661,-117.1295013,27.83,1.28,ml,19,120,0.1606,0.34,ci,ci38194288
2018-06-09T06:05:53.870Z,19.3983326,-155.269165,2.04,2.15,ml,11,94,0.005154,0.1,hv,hv70251507
2018-06-09T06:03:31.040Z,19.4041672,-155.2598267,1.39,2.65,ml,32,53,0.007879,0.31,hv,hv70251497
2018-06-09T06:02:46.800Z,33.4898333,-116.786,2.52,0.76,ml,25,59,0.08565,0.16,ci,ci38194280
2018-06-09T06:01:52.250Z,33.4761667,-116.7945,2.73,2.23,ml,84,28,0.101,0.23,ci,ci38194264
2018-06-09T06:01:27.980Z,19.4233341,-155.2655029,1.04,2.12,ml,16,109,0.004254,0.13,hv,hv70251487
2018-06-09T05:58:47.030Z,19.4134998,-155.272171,1.72,2.39,ml,20,78,0.01169,0.25,hv,hv70251482
2018-06-09T05:57:37.670Z,19.3991661,-155.2675018,0.36,2.45,ml,22,67,0.001664,0.2,hv,hv70251477
2018-06-09T05:48:46.150Z,19.3938332,-155.2734985,1.05,2.42,ml,31,42,0.001533,0.21,hv,hv70251472
2018-06-09T05:45:24.058Z,66.7751,-146.6883,15.7,1,ml,,,,0.5,ak,ak19736504
2018-06-09T05:45:22.210Z,19.4031658,-155.2695007,0.66,2.14,ml,15,58,0.005892,0.14,hv,hv70251462
2018-06-09T05:40:58.990Z,19.3911667,-155.2768402,1.59,2.42,ml,35,51,0.005155,0.27,hv,hv70251452
2018-06-09T05:39:29.890Z,19.4263325,-155.2595062,1.05,2.45,ml,15,141,0.003547,0.22,hv,hv70251447
2018-06-09T05:38:12.250Z,19.4220009,-155.2818298,0.58,2.37,ml,13,121,0.004818,0.11,hv,hv70251442
2018-06-09T05:37:25.660Z,19.4026661,-155.2606659,0.09,2.64,ml,27,52,0.00671,0.22,hv,hv70251437
2018-06-09T05:36:53.430Z,19.3956661,-155.2845001,1.07,2.8,ml,7,187,0.009459,0.17,hv,hv70251432
2018-06-09T05:34:46.120Z,19.4798336,-155.2618408,11.7,2.1,ml,14,302,0.02336,0.2,hv,hv70251427
2018-06-09T05:32:29.737Z,60.311,-151.0078,54.5,1.4,ml,,,,0.48,ak,ak19736502
2018-06-09T05:31:55.150Z,19.3963337,-155.2640076,0.23,2.34,ml,20,55,0.002694,0.14,hv,hv70251422
2018-06-09T05:28:16.220Z,19.3978329,-155.2683258,0.52,2.51,ml,21,58,0.002203,0.2,hv,hv70251412
2018-06-09T05:27:03.710Z,19.4044991,-155.2771606,0.5,1.89,ml,18,57,0.009671,0.19,hv,hv70251407
2018-06-09T05:25:53.390Z,34.077,-117.5086667,3.96,0.85,ml,22,63,0.06395,0.15,ci,ci38194256
2018-06-09T05:23:05.730Z,19.4151669,-155.281662,2.82,1.91,ml,10,172,0.003383,0.18,hv,hv70251397
2018-06-09T05:22:07.360Z,19.4096661,-155.2664948,1.35,2.04,ml,21,71,0.006694,0.13,hv,hv70251392
2018-06-09T05:18:17.300Z,19.4036674,-155.2720032,0.29,2.64,ml,40,30,0.007804,0.3,hv,hv70251382
2018-06-09T05:17:33.810Z,19.4108333,-155.2721667,0.72,2.17,ml,16,99,0.01167,0.07,hv,hv70251377
2018-06-09T05:16:03.720Z,19.4171658,-155.29216,0.29,2.97,ml,17,62,0.003902,0.24,hv,hv70251372
2018-06-09T05:14:07.786Z,59.4745,-155.9871,3.2,1.3,ml,,,,0.83,ak,ak19736499
2018-06-09T05:13:24.660Z,19.4091663,-155.2798309,0.36,2.01,ml,17,125,0.009361,0.25,hv,hv70251367
2018-06-09T05:13:17.010Z,19.3938332,-155.2669983,0.7,2.3,ml,13,83,0.00448,0.25,hv,hv70251362
2018-06-09T05:11:46.940Z,19.4078331,-155.2928314,1.01,2.27,ml,13,85,0.01279,0.17,hv,hv70251357
2018-06-09T05:07:43.090Z,19.4015007,-155.2698364,1.37,2.08,ml,18,61,0.004838,0.29,hv,hv70251332
2018-06-09T05:06:00.090Z,19.4139996,-155.2376709,-0.54,2.4,ml,9,170,0.02373,0.11,hv,hv70251327
2018-06-09T05:05:59.910Z,19.4106674,-155.2740021,2.22,2.2,ml,24,80,0.0118,0.14,hv,hv70251322
2018-06-09T05:04:15.510Z,19.3829994,-155.2788391,1.24,2.08,ml,13,77,0.004441,0.19,hv,hv70251317
2018-06-09T05:04:11.420Z,19.4186668,-155.2888336,1.25,2.2,ml,26,51,0.00176,0.31,hv,hv70251312
2018-06-09T05:02:17.860Z,19.4008331,-155.2618408,0.78,2.26,ml,22,88,0.004722,0.17,hv,hv70251302
2018-06-09T05:02:07.060Z,19.4176674,-155.4426727,2.98,2.8,ml,8,350,0.143,0.38,hv,hv70251297
2018-06-09T05:00:45.377Z,62.9946,-150.4654,101,1.1,ml,,,,0.44,ak,ak19736497
2018-06-09T05:00:29.600Z,19.3864994,-155.2708282,0.39,1.81,ml,13,71,0.009214,0.24,hv,hv70251292
2018-06-09T04:58:09.340Z,19.4120007,-155.2661591,0.95,2.49,ml,14,85,0.00593,0.14,hv,hv70251282
2018-06-09T04:50:05.670Z,19.3864994,-155.2783356,1.01,2.44,ml,22,50,0.009872,0.15,hv,hv70251272
2018-06-09T04:48:41.150Z,19.4053326,-155.2726593,0.97,2.37,ml,19,57,0.009428,0.13,hv,hv70251267
2018-06-09T04:45:07.180Z,19.4139996,-155.2666626,0.7,2.56,ml,35,62,0.006681,0.26,hv,hv70251262
2018-06-09T04:43:49.570Z,19.4453335,-155.2355042,-0.09,2.29,ml,10,204,0.03268,0.36,hv,hv70251257
2018-06-09T04:42:54.378Z,60.6015,-144.2278,3.3,2.1,ml,,,,0.78,ak,ak19736493
2018-06-09T04:42:09.320Z,19.3966675,-155.2769928,1.02,2.42,ml,12,127,0.003416,0.13,hv,hv70251247
2018-06-09T04:41:14.210Z,19.4273338,-155.2806702,0.42,2.18,ml,20,83,0.003879,0.3,hv,hv70251242
2018-06-09T04:40:24.630Z,19.4013329,-155.2743378,0.79,2.15,ml,13,67,0.00597,0.17,hv,hv70251237
2018-06-09T04:40:08.760Z,19.3773327,-155.2983398,4.78,2.38,ml,9,285,0.01325,0.06,hv,hv70251232
2018-06-09T04:34:05.954Z,60.278,-151.131,35.8,1.4,ml,,,,0.31,ak,ak19736488
2018-06-09T04:34:03.510Z,19.4230003,-155.2756653,0.72,2.55,ml,30,40,0.002517,0.2,hv,hv70251227
2018-06-09T04:31:50.840Z,19.4046669,-155.2669983,0.82,2.38,ml,26,53,0.006456,0.21,hv,hv70251222
2018-06-09T04:30:57.320Z,19.4080009,-155.2656708,1.84,1.87,ml,21,45,0.006814,0.13,hv,hv70251217
2018-06-09T04:29:27.970Z,19.4371662,-155.2021637,10.79,1.71,md,9,314,0.05722,0.16,hv,hv70251212
2018-06-09T04:27:57.600Z,19.3998337,-155.2693329,0.26,2.61,ml,24,56,0.003495,0.15,hv,hv70251207
2018-06-09T04:24:28.120Z,19.4260006,-155.2794952,0.27,2.59,ml,10,82,0.002187,0.14,hv,hv70251197
2018-06-09T04:23:13.420Z,19.4044991,-155.2794952,0.48,2.76,ml,31,31,0.01063,0.23,hv,hv70251192
2018-06-09T04:22:43.820Z,19.4058342,-155.2734985,3.49,2.77,ml,10,193,0.01428,0.14,hv,hv70251187
2018-06-09T04:20:44.690Z,33.1948333,-116.3843333,11.67,1.04,ml,30,50,0.07817,0.2,ci,ci38194136
2018-06-09T04:20:43.250Z,19.4193325,-155.2565002,1.88,2.39,ml,19,123,0.00558,0.23,hv,hv70251182
2018-06-09T04:18:37.980Z,33.4206667,-116.6483333,0.19,0.72,ml,7,191,0.1914,0.16,ci,ci38194128
2018-06-09T04:17:43.290Z,19.4106674,-155.261673,1.15,2.54,ml,34,36,0.002206,0.17,hv,hv70251162
2018-06-09T04:17:14.870Z,33.2561667,-116.8273333,10.24,1.28,ml,43,43,0.06089,0.25,ci,ci38194120
2018-06-09T04:16:33.400Z,19.4006672,-155.2681732,0.83,1.86,ml,16,68,0.007379,0.16,hv,hv70251157
2018-06-09T04:13:41.370Z,-15.0824,-173.497,10,5,mb,,55,5.236,0.93,us,us1000elss
2018-06-09T04:08:19.700Z,19.5293331,-155.2610016,11.36,2.63,ml,13,337,0.1052,0.24,hv,hv70251137
2018-06-09T04:07:42.760Z,19.3221664,-155.1523285,1.81,2.73,ml,9,111,0.04226,0.1,hv,hv70251132
2018-06-09T04:03:33.770Z,19.4003334,-155.2714996,0.66,2.66,ml,25,52,0.005338,0.17,hv,hv70251122
2018-06-09T03:59:21.760Z,19.4016666,-155.2871704,0.77,2.44,ml,19,67,0.01327,0.28,hv,hv70251112
2018-06-09T03:59:20.940Z,19.3994999,-155.269165,1.57,2.57,ml,25,58,0.003211,0.16,hv,hv70251107
2018-06-09T03:57:37.180Z,19.4249992,-155.2661591,1.29,1.76,ml,11,124,0.002518,0.16,hv,hv70251102
2018-06-09T03:55:46.960Z,19.4246674,-155.2683258,3.69,1.8,ml,9,98,0.002474,0.13,hv,hv70251097
2018-06-09T03:55:09.780Z,19.3971672,-155.2813263,0.89,1.98,ml,11,151,0.00747,0.11,hv,hv70251092
2018-06-09T03:54:14.000Z,19.4284992,-155.281662,0.63,1.91,ml,9,86,0.005354,0.08,hv,hv70251087
2018-06-09T03:53:44.770Z,19.4078331,-155.2610016,2.92,1.95,ml,18,86,0.004363,0.21,hv,hv70251082
2018-06-09T03:50:00.010Z,33.9595,-119.1715,1.68,2.26,ml,36,69,0.198,0.29,ci,ci38194112
2018-06-09T03:49:04.080Z,36.5338333,-121.0466667,7.8,1.31,md,14,140,0.04493,0.05,nc,nc73027636
2018-06-09T03:48:23.740Z,19.3693333,-155.2380066,-0.21,2.04,ml,9,160,0.004876,0.15,hv,hv70251067
2018-06-09T03:46:25.700Z,33.0913333,-116.4733333,2.55,0.89,ml,24,63,0.1048,0.23,ci,ci38194104
2018-06-09T03:46:15.920Z,19.4044991,-155.2601624,0.85,2.34,ml,26,57,0.007553,0.23,hv,hv70251062
2018-06-09T03:44:28.020Z,19.4041672,-155.2631683,-0.13,1.9,ml,19,77,0.006484,0.17,hv,hv70251057
2018-06-09T03:43:21.800Z,33.2513333,-116.8221667,10.22,0.68,ml,17,84,0.0553,0.31,ci,ci38194096
2018-06-09T03:40:34.910Z,19.4058342,-155.2648315,1.23,1.87,ml,21,58,0.007637,0.11,hv,hv70251042
2018-06-09T03:38:14.840Z,33.4928333,-116.7938333,4.55,0.36,ml,13,74,0.08642,0.15,ci,ci38194088
2018-06-09T03:36:07.900Z,19.4090004,-155.2664948,1.08,2.68,ml,32,30,0.00696,0.3,hv,hv70251032
2018-06-09T03:35:46.300Z,19.3996658,-155.2689972,1.57,2.48,ml,20,67,0.003137,0.12,hv,hv70251027
2018-06-09T03:34:45.990Z,17.5068,-68.5146,38,2.71,md,6,256,1.4912,0.23,pr,pr2018160003
2018-06-09T03:34:11.440Z,51.6885,157.0816,123.08,4.2,mb,,147,1.471,0.75,us,us1000els0
2018-06-09T03:33:47.850Z,19.3886662,-155.2606659,-0.95,1.9,ml,10,190,0.009373,0.12,hv,hv70251022
2018-06-09T03:33:02.100Z,33.2536667,-116.8246667,12.56,0.62,ml,20,64,0.05798,0.14,ci,ci38194080
2018-06-09T03:31:17.810Z,19.4161663,-155.2736664,1.82,1.88,ml,17,47,0.009313,0.12,hv,hv70251017
2018-06-09T03:28:11.320Z,19.4190006,-155.2713318,0.7,2.1,ml,20,45,0.008223,0.12,hv,hv70251012
2018-06-09T03:26:20.890Z,19.4191666,-155.2706604,1.86,1.79,ml,11,94,0.008357,0.12,hv,hv70251007
2018-06-09T03:24:30.780Z,19.3793335,-155.2611694,0.77,2.38,ml,7,127,0.008023,0.1,hv,hv70251002
2018-06-09T03:20:08.930Z,19.4171658,-155.2813263,0.68,2.41,ml,14,142,0.002661,0.15,hv,hv70250992
2018-06-09T03:19:28.690Z,19.4091663,-155.2668304,1.19,2.4,ml,25,45,0.007177,0.13,hv,hv70250987
2018-06-09T03:17:13.500Z,19.4696674,-155.5014954,2.16,1.9,ml,10,117,0.02931,0.33,hv,hv70250977
2018-06-09T03:17:07.050Z,19.3899994,-155.2745056,-0.68,2.6,ml,41,43,0.005402,0.37,hv,hv70250982
2018-06-09T03:10:22.710Z,19.3920002,-155.2483368,0.48,2.67,ml,31,55,0.00704,0.2,hv,hv70250957
2018-06-09T03:08:39.080Z,19.4050007,-155.2675018,1.7,1.77,ml,11,113,0.006865,0.1,hv,hv70250947
2018-06-09T03:06:53.890Z,19.4078331,-155.2708282,0.96,2.31,ml,20,73,0.01056,0.17,hv,hv70250937
2018-06-09T03:06:38.030Z,9.6825,122.4589,46.16,4.6,mb,,114,5.954,0.35,us,us1000els2
2018-06-09T03:03:13.480Z,19.4103336,-155.2794952,0.83,2.07,ml,19,63,0.008486,0.14,hv,hv70250927
2018-06-09T03:02:54.210Z,46.264,-122.1925,1.03,0.98,ml,9,128,0.02113,0.09,uw,uw61383652
2018-06-09T03:02:04.390Z,19.4230003,-155.2754974,1.46,2.03,ml,17,62,0.002633,0.17,hv,hv70250922
2018-06-09T02:58:42.220Z,19.4211674,-155.2676697,1.93,1.83,md,8,231,0.01165,0.12,hv,hv70250917
2018-06-09T02:57:01.040Z,19.3199997,-155.3363342,8.3,2.22,ml,8,224,0.0803,0.2,hv,hv70250912
2018-06-09T02:56:06.590Z,19.4196663,-155.2726593,0.95,2.29,md,14,48,0.006875,0.12,hv,hv70250907
2018-06-09T02:51:52.272Z,59.5159,-151.4077,5.2,1.9,ml,,,,0.9,ak,ak19735923
2018-06-09T02:50:45.450Z,19.4121666,-155.2711639,1.67,1.82,ml,15,52,0.01065,0.13,hv,hv70250892
2018-06-09T02:49:06.300Z,19.3980007,-155.2666626,0.36,1.9,ml,9,81,0.01541,0.13,hv,hv70250882
2018-06-09T02:48:22.170Z,19.3376675,-155.129837,2.64,2.03,ml,31,120,0.04713,0.23,hv,hv70250877
2018-06-09T02:45:48.710Z,19.4120007,-155.267334,0.29,2.63,ml,41,47,0.007039,0.25,hv,hv70250872
2018-06-09T02:43:44.440Z,18.5285,-64.8755,99,3.12,md,15,336,1.0472,0.37,pr,pr2018160002
2018-06-09T02:41:10.350Z,19.3843327,-155.2738342,-0.28,2.27,ml,15,73,0.007755,0.24,hv,hv70250862
2018-06-09T02:39:07.750Z,19.1793327,-155.4876709,31.58,2.13,md,24,161,0.03391,0.19,hv,hv70250857
2018-06-09T02:38:36.230Z,19.4179993,-155.2769928,0.32,2.27,ml,12,131,0.006713,0.14,hv,hv70250852
2018-06-09T02:37:05.260Z,19.3978329,-155.2753296,2.33,2.43,ml,8,158,0.01276,0.14,hv,hv70250847
2018-06-09T02:36:22.620Z,19.4316673,-155.280838,0.35,2.4,ml,25,68,0.007527,0.27,hv,hv70250842
2018-06-09T02:36:06.690Z,19.4126663,-155.2579956,0.89,2.35,ml,8,148,0.001867,0.17,hv,hv70250837
2018-06-09T02:34:01.320Z,19.4051666,-155.272995,0.99,2.48,ml,21,58,0.009521,0.11,hv,hv70250832
2018-06-09T02:33:03.690Z,19.4258327,-155.2908325,0.09,2.56,ml,25,63,0.004845,0.35,hv,hv70250827
2018-06-09T02:32:29.740Z,19.4191666,-155.27034,1.27,2.37,ml,20,58,0.00826,0.12,hv,hv70250822
2018-06-09T02:29:47.240Z,19.3968334,-155.2465057,1.33,2.7,ml,22,61,0.01214,0.29,hv,hv70250817
2018-06-09T02:29:45.560Z,-6.0083,150.3662,35,4.9,mb,,65,2.542,1.06,us,us1000elqs
2018-06-09T02:29:37.050Z,19.4273338,-155.2853394,-0.36,2.58,ml,11,79,0.00751,0.25,hv,hv70250812
2018-06-09T02:29:05.780Z,19.4074993,-155.2718353,1.82,2.49,ml,14,108,0.01217,0.11,hv,hv70250807
2018-06-09T02:26:10.720Z,19.4013329,-155.2590027,-0.39,2.67,ml,37,53,0.007313,0.26,hv,hv70250802
2018-06-09T02:19:51.950Z,19.4169998,-155.2516632,1.08,1.96,ml,15,171,0.009164,0.15,hv,hv70250792
2018-06-09T02:19:21.330Z,19.4106674,-155.2731628,0.76,1.8,ml,10,109,0.01245,0.15,hv,hv70250787
2018-06-09T02:18:56.582Z,67.4707,-146.3717,0,1,ml,,,,0.61,ak,ak19735372
2018-06-09T02:18:15.570Z,19.3998337,-155.2593384,-0.19,1.89,ml,13,105,0.006514,0.19,hv,hv70250782
2018-06-09T02:15:39.800Z,19.4073334,-155.2720032,0.72,2.36,ml,23,54,0.01066,0.15,hv,hv70250777
2018-06-09T02:15:24.290Z,19.4138336,-155.2768402,0.37,2.36,ml,17,55,0.007837,0.14,hv,hv70250772
2018-06-09T02:11:46.800Z,19.4143333,-155.263504,1.26,2.25,ml,20,87,0.004088,0.16,hv,hv70250767
2018-06-09T02:09:51.110Z,19.4008331,-155.3175049,0.25,2.26,ml,7,212,0.01134,0.1,hv,hv70250762
2018-06-09T02:08:45.780Z,19.4213333,-155.287674,2.25,1.73,ml,10,164,0.001169,0.18,hv,hv70250757
2018-06-09T02:07:31.450Z,19.3956661,-155.2756653,1.51,1.7,md,14,95,0.001932,0.11,hv,hv70250752
2018-06-09T02:06:26.750Z,19.4134998,-155.2726593,1.38,1.93,ml,19,47,0.01156,0.16,hv,hv70250747
2018-06-09T02:06:25.330Z,63.7546,-149.2947,11.1,1,ml,,,,0.59,ak,ak19735370
2018-06-09T02:03:30.360Z,19.3120003,-155.12883,6.39,1.89,md,28,162,0.026,0.33,hv,hv70250742
2018-06-09T02:02:17.000Z,39.5381667,-123.6491667,3.51,1.72,md,16,159,0.1564,0.06,nc,nc73027601
2018-06-09T02:02:00.640Z,19.416666,-155.2496643,7.04,1.81,ml,9,158,0.01066,0.15,hv,hv70250737
2018-06-09T01:58:52.620Z,19.4136658,-155.2626648,0.41,2.3,ml,9,105,0.009463,0.1,hv,hv70250732
2018-06-09T01:58:51.940Z,19.4080009,-155.2539978,1.92,2.46,ml,25,104,0.006879,0.14,hv,hv70250727
2018-06-09T01:57:45.752Z,61.362,-146.8473,10.8,1.5,ml,,,,0.57,ak,ak19735368
2018-06-09T01:56:49.130Z,19.4028339,-155.2615051,0.77,2.24,ml,19,94,0.006255,0.18,hv,hv70250722
2018-06-09T01:54:40.550Z,34.0883333,-116.8023333,5.03,1.56,ml,59,49,0.05324,0.19,ci,ci38194048
2018-06-09T01:52:50.880Z,19.4138336,-155.2776642,1.15,3.34,ml,51,30,0.007167,0.24,hv,hv70250717
2018-06-09T01:52:10.890Z,19.4133339,-155.2695007,1.34,1.52,md,22,57,0.009168,0.18,hv,hv70250712
2018-06-09T01:51:17.140Z,38.8121681,-122.8216629,1.5,0.84,md,16,77,0.006733,0.04,nc,nc73027596
2018-06-09T01:46:40.390Z,19.4615002,-155.5599976,0.13,2.84,ml,11,99,0.02051,0.27,hv,hv70250707
2018-06-09T01:46:33.000Z,19.3969994,-155.2686615,0.13,3.34,ml,51,32,0.002773,0.21,hv,hv70250702
2018-06-09T01:45:49.920Z,38.8133316,-122.8251648,1.84,1,md,16,74,0.005449,0.04,nc,nc73027591
2018-06-09T01:44:42.620Z,19.4056664,-155.2681732,0.56,2.24,ml,22,50,0.007657,0.22,hv,hv70250697
2018-06-09T01:44:02.370Z,19.3929996,-155.2718353,1.67,2.35,ml,17,77,0.002909,0.12,hv,hv70250692
2018-06-09T01:41:06.829Z,61.3169,-146.7389,14.2,1.7,ml,,,,0.7,ak,ak19735364
2018-06-09T01:39:07.160Z,19.4109993,-155.2644958,1.32,2.28,ml,19,61,0.004492,0.23,hv,hv70250682
2018-06-09T01:38:54.180Z,19.4101658,-155.2706604,1.57,2.16,ml,17,50,0.01036,0.11,hv,hv70250677
2018-06-09T01:36:19.920Z,19.4143333,-155.2745056,1.24,1.79,ml,18,46,0.009639,0.14,hv,hv70250667
2018-06-09T01:35:20.230Z,19.416666,-155.2706604,0.88,1.89,ml,15,58,0.01037,0.29,hv,hv70250662
2018-06-09T01:29:26.230Z,38.8246667,-122.8053333,2.58,1.25,md,41,36,0.003915,0.03,nc,nc73027581
2018-06-09T01:26:52.800Z,19.4016666,-155.2806702,0.45,2.37,ml,23,56,0.009125,0.21,hv,hv70250642
2018-06-09T01:26:46.007Z,63.2459,-149.4125,0,1.5,ml,,,,0.87,ak,ak19735361
2018-06-09T01:25:17.388Z,60.0074,-141.6468,18.1,1.5,ml,,,,0.66,ak,ak19735356
2018-06-09T01:24:54.693Z,63.2748,-150.3915,123.7,1.3,ml,,,,0.55,ak,ak19735355
2018-06-09T01:21:10.740Z,19.4203339,-155.2396698,0.82,2.58,ml,19,76,0.02025,0.25,hv,hv70250632
2018-06-09T01:20:46.340Z,19.4099998,-155.2423401,0.39,2.44,ml,19,124,0.01668,0.21,hv,hv70250627
2018-06-09T01:13:47.920Z,33.4926667,-116.787,4.1,0.57,ml,22,43,0.08358,0.17,ci,ci38194040
2018-06-09T01:13:30.270Z,19.4074993,-155.2838287,0.96,2.21,ml,15,64,0.01011,0.22,hv,hv70250602
2018-06-09T01:13:03.930Z,19.4029999,-155.2706604,3.62,2.27,ml,11,79,0.008097,0.21,hv,hv70250597
2018-06-09T01:08:46.030Z,19.392334,-155.2628326,-0.11,2.41,ml,24,81,0.006608,0.3,hv,hv70250592
2018-06-09T01:08:09.350Z,19.4020004,-155.267334,0.53,2.41,ml,22,68,0.003936,0.21,hv,hv70250587
2018-06-09T01:07:44.900Z,19.3916664,-155.2633362,-0.38,2.34,ml,9,156,0.007019,0.17,hv,hv70250582
2018-06-09T01:06:27.460Z,19.3780003,-155.2746735,4.24,1.99,ml,13,202,0.01078,0.23,hv,hv70250577
2018-06-09T01:02:55.880Z,19.4176674,-155.2753296,1.26,2.07,ml,17,59,0.007369,0.2,hv,hv70250572
2018-06-09T00:58:47.370Z,19.4156667,-155.2751667,1.03,2.95,ml,20,42,0.008659,0.08,hv,hv70250567
2018-06-09T00:54:22.630Z,19.4161663,-155.2826691,0.68,1.97,ml,18,50,0.002007,0.15,hv,hv70250552
2018-06-09T00:54:00.470Z,19.4095001,-155.2656708,0.92,2,ml,17,60,0.006044,0.19,hv,hv70250557
2018-06-09T00:52:25.978Z,36.9568,-116.0784,7,-0.1,ml,8,105.32,0.031,0.1792,nn,nn00638978
2018-06-09T00:51:17.652Z,63.4506,-149.6846,103.3,0.8,ml,,,,0.54,ak,ak19735349
2018-06-09T00:49:05.420Z,19.4130001,-155.2810059,1.29,1.79,ml,18,66,0.005479,0.16,hv,hv70250542
2018-06-09T00:43:27.560Z,19.4268341,-155.2781677,1.05,1.74,ml,10,85,0.002136,0.1,hv,hv70250532
2018-06-09T00:41:39.960Z,19.4156666,-155.2486725,-1.12,2.24,ml,12,133,0.01116,0.23,hv,hv70250527
2018-06-09T00:41:38.950Z,19.4188328,-155.2713318,2.17,2.27,ml,24,44,0.00834,0.22,hv,hv70250522
2018-06-09T00:38:51.810Z,19.4051666,-155.2595062,0.45,2.46,ml,20,96,0.006893,0.21,hv,hv70250517
2018-06-09T00:38:50.567Z,38.8264,-119.8102,9.7,0.8,ml,6,165.27,0.212,0.0394,nn,nn00638923
2018-06-09T00:38:29.700Z,19.4241657,-155.279007,1.1,2.37,ml,8,125,0.001469,0.1,hv,hv70250512
2018-06-09T00:36:47.660Z,18.0568,-67.4323,12,2.35,md,5,322,0.3266,0.2,pr,pr2018160001
2018-06-09T00:32:27.030Z,34.5096667,-116.5271667,2.83,1.34,ml,17,110,0.156,0.19,ci,ci38194024
2018-06-09T00:32:12.210Z,38.8325,-119.8041667,-2.05,2.54,md,21,117,0.2728,0.08,nc,nc73027576
2018-06-09T00:31:00.730Z,19.3950005,-155.2676697,0.23,2.21,ml,12,88,0.003576,0.17,hv,hv70250492
2018-06-09T00:29:10.020Z,19.4063339,-155.2603302,0.19,1.88,ml,8,210,0.009683,0.15,hv,hv70250487
2018-06-09T00:28:15.570Z,19.4061661,-155.2566681,1.54,2.02,ml,8,112,0.006623,0.13,hv,hv70250482
2018-06-09T00:27:20.220Z,19.4214993,-155.2743378,1.71,1.75,ml,12,107,0.004461,0.15,hv,hv70250477
2018-06-09T00:26:03.830Z,37.6161667,-118.8565,-0.34,1.15,md,7,126,0.005849,0.02,nc,nc73027571
2018-06-09T00:25:25.300Z,18.3743,-66.164,57,2.32,md,3,219,0.3915,0.29,pr,pr2018160000
2018-06-09T00:16:53.550Z,19.4006672,-155.2689972,0.66,2.55,ml,25,55,0.003695,0.12,hv,hv70250442
2018-06-09T00:13:54.750Z,37.6573333,-118.8288333,2.04,0.37,md,9,154,0.02013,0.07,nc,nc73027566
2018-06-09T00:13:33.680Z,19.4134998,-155.267334,1.62,1.87,md,14,78,0.007177,0.17,hv,hv70250432
2018-06-09T00:11:39.980Z,38.7861671,-122.7508316,3.5,1.19,md,8,103,0.01933,0.02,nc,nc73027561
2018-06-09T00:10:49.640Z,19.3225002,-155.1450043,6.36,2.08,ml,34,95,0.03942,0.22,hv,hv70250427
2018-06-09T00:09:25.410Z,19.4183331,-155.2756653,1.43,1.71,ml,15,65,0.006644,0.1,hv,hv70250422
2018-06-09T00:06:42.690Z,19.421833,-155.2768402,1.3,1.84,ml,10,115,0.002995,0.1,hv,hv70250412
2018-06-09T00:06:09.130Z,19.4266663,-155.2711639,0.85,2.06,ml,9,91,0.003312,0.1,hv,hv70250407
2018-06-09T00:05:53.790Z,19.3899994,-155.2558289,0.4,1.99,ml,12,106,0.006176,0.19,hv,hv70250402
2018-06-09T00:05:31.217Z,64.8732,-148.6118,16.1,1.6,ml,,,,0.73,ak,ak19734775
2018-06-09T00:03:36.010Z,19.4090004,-155.264328,0.93,2.14,ml,23,43,0.005204,0.16,hv,hv70250397
2018-06-09T00:02:07.200Z,19.4013329,-155.3005066,-0.23,2.07,ml,15,89,0.01284,0.19,hv,hv70250392
2018-06-09T00:00:46.180Z,19.3961658,-155.255661,1.38,2.11,ml,8,111,0.01137,0.13,hv,hv70250387
2018-06-08T23:59:27.750Z,-14.9908,167.35,117.44,4.5,mb,,110,5.755,0.92,us,us1000elnv
2018-06-08T23:57:19.940Z,37.657,-118.838,1.96,0.88,md,13,134,0.01908,0.05,nc,nc73027556
2018-06-08T23:53:54.900Z,37.659,-118.8416667,1.73,0.81,md,17,119,0.0215,0.05,nc,nc73027551
2018-06-08T23:53:36.560Z,53.6012,-163.0968,36.91,3.7,mb,,295,2.19,0.76,us,us1000elni
2018-06-08T23:53:35.860Z,19.4071674,-155.2833405,0.29,1.76,md,10,143,0.01046,0.13,hv,hv70250362
2018-06-08T23:49:42.540Z,37.6585,-118.8426667,1.74,1.38,md,26,104,0.0212,0.04,nc,nc73027546
2018-06-08T23:49:08.780Z,19.4235001,-155.2686615,1.12,1.71,md,14,79,0.003677,0.17,hv,hv70250352
2018-06-08T23:45:52.200Z,19.4006672,-155.2426605,-0.95,1.94,ml,14,117,0.01715,0.31,hv,hv70250337
2018-06-08T23:42:06.350Z,19.395834,-155.260498,-0.02,1.91,ml,16,98,0.005747,0.26,hv,hv70250327
2018-06-08T23:41:27.590Z,19.4138336,-155.2763367,1.81,1.93,md,14,54,0.008255,0.15,hv,hv70250322
2018-06-08T23:36:28.710Z,19.4081669,-155.2565002,1.47,1.86,ml,12,112,0.005036,0.26,hv,hv70250307
2018-06-08T23:35:48.130Z,19.3878326,-155.2684937,0.11,1.96,ml,13,77,0.008934,0.15,hv,hv70250302
2018-06-08T23:33:25.990Z,19.4354992,-155.2853394,1.11,1.82,ml,10,274,0.01543,0.1,hv,hv70250297
2018-06-08T23:33:25.750Z,19.4165001,-155.2681732,0.77,1.81,ml,18,72,0.008977,0.12,hv,hv70250292
2018-06-08T23:30:09.425Z,66.2184,-157.4713,7.7,1.2,ml,,,,0.36,ak,ak19734765
2018-06-08T23:27:08.390Z,19.3974991,-155.2861633,1,2.13,ml,19,55,0.0105,0.26,hv,hv70250272
2018-06-08T23:25:10.750Z,19.4196663,-155.2653351,1.17,1.82,ml,14,86,0.005334,0.11,hv,hv70250267
2018-06-08T23:24:29.670Z,19.4034996,-155.2884979,0.8,1.83,ml,16,64,0.01439,0.25,hv,hv70250262
2018-06-08T23:23:54.960Z,19.4141674,-155.263504,0.05,1.7,ml,12,105,0.004,0.19,hv,hv70250257
2018-06-08T23:22:36.650Z,34.1233333,-116.9228333,5.43,0.97,ml,25,96,0.03162,0.14,ci,ci38194016
2018-06-08T23:20:25.470Z,19.4091663,-155.2813263,0.43,1.82,ml,11,128,0.008847,0.13,hv,hv70250247
2018-06-08T23:19:43.670Z,19.3936672,-155.2736664,0.07,2.24,ml,12,94,0.001692,0.13,hv,hv70250242
2018-06-08T23:17:15.410Z,19.4056664,-155.2796631,0.94,1.77,ml,18,59,0.01171,0.19,hv,hv70250232
2018-06-08T23:16:51.690Z,33.713,-116.807,15.6,0.91,ml,31,113,0.0774,0.11,ci,ci38194008
2018-06-08T23:15:07.470Z,19.4144993,-155.2941742,1.25,2.19,ml,14,134,0.008213,0.21,hv,hv70250227
2018-06-08T23:14:44.310Z,19.4198341,-155.2753296,1.68,2,ml,14,63,0.005341,0.12,hv,hv70250222
2018-06-08T23:12:15.040Z,38.836834,-122.8290024,1.19,1.1,md,16,72,0.01834,0.05,nc,nc73027531
2018-06-08T23:11:28.760Z,19.4004993,-155.2794952,1.58,1.87,ml,10,138,0.007521,0.12,hv,hv70250212
2018-06-08T23:09:42.330Z,19.3924999,-155.2740021,0.22,2.16,ml,19,62,0.002873,0.18,hv,hv70250207
2018-06-08T23:07:51.300Z,61.0862,-150.7792,20.1,1.3,ml,,,,0.55,ak,ak19734762
2018-06-08T23:06:52.730Z,37.6565,-118.8298333,1.4,0.77,md,8,151,0.01912,0.04,nc,nc73027521
2018-06-08T23:06:31.180Z,19.4181671,-155.2728271,0.92,2.34,ml,22,44,0.007947,0.1,hv,hv70250197
2018-06-08T23:01:42.960Z,19.4214993,-155.2720032,0.95,2.14,ml,21,45,0.006184,0.11,hv,hv70250192
2018-06-08T23:00:49.550Z,19.3754997,-154.9698334,-0.73,2.94,ml,13,266,0.0664,0.15,hv,hv70250187
2018-06-08T22:53:50.090Z,19.4208336,-155.2700043,0.97,1.87,ml,9,82,0.008149,0.27,hv,hv70250172
2018-06-08T22:50:12.110Z,19.3813333,-155.2586667,0.83,2.65,ml,32,61,0.008093,0.09,hv,hv70250162
2018-06-08T22:48:19.000Z,19.4291668,-155.2783356,-0.11,2.64,ml,13,97,0.004441,0.18,hv,hv70250157
2018-06-08T22:48:01.870Z,19.4151669,-155.2751617,-0.4,2.55,ml,22,54,0.008791,0.33,hv,hv70250152
2018-06-08T22:43:03.010Z,19.380167,-155.2595062,1.08,1.93,ml,18,55,0.009335,0.12,hv,hv70250137
2018-06-08T22:40:59.600Z,19.4088326,-155.2766724,-0.02,1.8,ml,16,90,0.01124,0.13,hv,hv70250132
2018-06-08T22:36:54.440Z,11.29,-85.5001,184.43,4.5,mb,,147,1.129,0.82,us,us1000elmq
2018-06-08T22:35:49.410Z,19.3969994,-155.2756653,0.63,1.87,md,13,93,0.002506,0.16,hv,hv70250107
2018-06-08T22:34:47.980Z,-13.2517,45.3926,10,4.5,mb,,137,5.998,1.14,us,us1000elmt
2018-06-08T22:31:40.560Z,59.7269,-152.6844,71.8,2.3,ml,,,,0.52,ak,ak19734215
2018-06-08T22:30:55.600Z,19.4241657,-155.269165,2.24,1.8,ml,18,76,0.003217,0.17,hv,hv70250087
2018-06-08T22:18:05.950Z,19.3911667,-155.2728271,0.69,1.8,ml,12,86,0.00425,0.16,hv,hv70250037
2018-06-08T22:14:45.780Z,19.4251671,-155.2798309,0.04,2.02,ml,14,219,0.002161,0.29,hv,hv70250032
2018-06-08T22:09:44.330Z,19.4191666,-155.2788391,2.3,2.14,ml,20,57,0.005183,0.16,hv,hv70250022
2018-06-08T22:08:05.780Z,19.4161663,-155.2664948,0.93,1.9,ml,17,85,0.007449,0.27,hv,hv70250017
2018-06-08T22:04:53.608Z,63.8995,-152.8274,3.6,1.2,ml,,,,0.45,ak,ak19734214
2018-06-08T22:02:12.730Z,19.4169998,-155.276001,-0.03,2.06,ml,19,43,0.007669,0.22,hv,hv70250002
2018-06-08T22:01:03.100Z,19.4073334,-155.2858276,3.36,1.73,md,11,135,0.0104,0.31,hv,hv70249997
2018-06-08T22:00:49.445Z,63.8501,-152.7613,0,1.6,ml,,,,0.94,ak,ak19734210
2018-06-08T21:57:28.160Z,33.504,-116.796,4.36,1.48,ml,54,34,0.07845,0.19,ci,ci38193976
